,total_loss,avg_loss,correlation,p
0,892768.5750732422,297.58952502441406,0.697550640450803,0.0
