,total_loss,avg_loss,correlation,p
0,172365.84545898438,172.36584545898438,0.3163690821773376,1.10595221424643e-24
