,total_loss,avg_loss,correlation,p
0,892016.1047973633,297.33870159912107,0.697738318539666,0.0
