,total_loss,avg_loss,correlation,p
0,175529.97619628906,175.52997619628906,0.3162384375712128,1.158281345109227e-24
