,total_loss,avg_loss,correlation,p
0,313796.8583984375,313.7968583984375,0.7439514362341764,6.439921067480221e-177
