,total_loss,avg_loss,correlation,p
0,402964.95458984375,402.9649545898437,0.6454451759554451,6.445275652448287e-119
