,total_loss,avg_loss,correlation,p
0,166756.78967285156,166.75678967285157,0.3843219007379729,1.5132358646778383e-36
