,total_loss,avg_loss,correlation,p
0,891545.3981933594,297.18179939778645,0.6964463551875106,0.0
