,total_loss,avg_loss,correlation,p
0,346192.052734375,346.192052734375,0.7571267198768021,9.638344788238562e-187
