,total_loss,avg_loss,correlation,p
0,170769.94018554688,170.7699401855469,0.34517797358094826,2.331738151866462e-29
