,total_loss,avg_loss,correlation,p
0,408608.1669921875,408.6081669921875,0.6600159307784377,4.1303955430145726e-126
