,total_loss,avg_loss,correlation,p
0,405382.6638183594,405.3826638183594,0.6432034723440275,7.606308488781454e-118
