,total_loss,avg_loss,correlation,p
0,919916.7896118164,306.63892987060547,0.7113693602262046,0.0
