,total_loss,avg_loss,correlation,p
0,320071.1750488281,320.07117504882814,0.739865476257135,5.418426971037512e-174
