,total_loss,avg_loss,correlation,p
0,407789.2844238281,407.7892844238281,0.641770317805455,3.645676639467857e-117
