,total_loss,avg_loss,correlation,p
0,308696.8017578125,308.6968017578125,0.745697375652706,3.482876517784368e-178
