,total_loss,avg_loss,correlation,p
0,360622.359375,360.622359375,0.6718821285498602,2.83779946354245e-132
