,total_loss,avg_loss,correlation,p
0,192527.80078125,192.52780078125,0.1926287927577799,8.17749720686683e-10
