,total_loss,avg_loss,correlation,p
0,965797.524230957,321.9325080769857,0.6570704531643471,0.0
