,total_loss,avg_loss,correlation,p
0,190623.08227539062,190.62308227539063,0.18001109787637315,9.9125551790901e-09
