,total_loss,avg_loss,correlation,p
0,435239.7333984375,435.2397333984375,0.6135978880960756,1.7228012642499014e-104
