,total_loss,avg_loss,correlation,p
0,1032407.9263305664,344.1359754435221,0.6347375898685326,0.0
