,total_loss,avg_loss,correlation,p
0,404640.37365722656,404.6403736572266,0.632747975735006,5.810051599179414e-113
