,total_loss,avg_loss,correlation,p
0,414552.07958984375,414.55207958984374,0.6326898518877622,6.177327249231542e-113
