,total_loss,avg_loss,correlation,p
0,405902.1669921875,405.9021669921875,0.6464708438076086,2.0690718437595864e-119
