,total_loss,avg_loss,correlation,p
0,183244.34130859375,183.24434130859376,0.25532432272644995,2.398765949169261e-16
