,total_loss,avg_loss,correlation,p
0,412437.96826171875,412.43796826171877,0.6443046999546341,2.268386022434888e-118
