,total_loss,avg_loss,correlation,p
0,960773.8214111328,320.2579404703776,0.668242673478531,0.0
