,total_loss,avg_loss,correlation,p
0,969954.8323364258,323.31827744547525,0.6649600487718155,0.0
