,total_loss,avg_loss,correlation,p
0,367241.01232910156,367.2410123291016,0.6825797529940498,4.4172077740457525e-138
