,total_loss,avg_loss,correlation,p
0,380808.3234863281,380.8083234863281,0.6671440553974617,8.871560546271419e-130
