,total_loss,avg_loss,correlation,p
0,181094.8603515625,181.0948603515625,0.2384814256403018,2.1296823084685148e-14
