,total_loss,avg_loss,correlation,p
0,950636.4045410156,316.8788015136719,0.6697176920343395,0.0
