,total_loss,avg_loss,correlation,p
0,367703.2685546875,367.7032685546875,0.6752762697517629,4.334105624349436e-134
