,total_loss,avg_loss,correlation,p
0,395268.5400390625,395.2685400390625,0.653805361096903,5.3802176681369e-123
