,total_loss,avg_loss,correlation,p
0,950984.7020263672,316.9949006754557,0.6692129062364416,0.0
