,total_loss,avg_loss,correlation,p
0,187663.6371459961,187.6636371459961,0.1935216279088776,6.809247886427646e-10
