,total_loss,avg_loss,correlation,p
0,186940.83044433594,186.94083044433594,0.20117078966971558,1.3684940898584545e-10
