,total_loss,avg_loss,correlation,p
0,396964.994140625,396.964994140625,0.6516568874245648,6.183920958278401e-122
