,total_loss,avg_loss,correlation,p
0,367077.9189453125,367.0779189453125,0.676334862042822,1.1627446987735307e-134
