,total_loss,avg_loss,correlation,p
0,445734.48388671875,445.73448388671875,0.604414960588696,1.2471072033084323e-100
