,total_loss,avg_loss,correlation,p
0,345201.17614746094,345.20117614746096,0.6964167576030653,5.653286246368489e-146
