,total_loss,avg_loss,correlation,p
0,197570.10998535156,197.57010998535156,0.17377386723517402,3.193777328792058e-08
