,total_loss,avg_loss,correlation,p
0,199015.27716064453,199.01527716064453,0.20901621544880522,2.4677619162322984e-11
