,total_loss,avg_loss,correlation,p
0,331463.84765625,331.46384765625,0.7092455449568367,1.0474366739468779e-153
