,total_loss,avg_loss,correlation,p
0,989950.938293457,329.983646097819,0.6540218733102321,0.0
