,total_loss,avg_loss,correlation,p
0,431874.431640625,431.874431640625,0.6189157074071067,8.756593626741862e-107
