,total_loss,avg_loss,correlation,p
0,960908.4118652344,320.3028039550781,0.6657501355752096,0.0
