,total_loss,avg_loss,correlation,p
0,549224.2709960938,549.2242709960938,0.4876024888982514,7.545338438527797e-61
