,total_loss,avg_loss,correlation,p
0,207855.65991210938,207.8556599121094,0.08229556284002279,0.00922566393442964
