,total_loss,avg_loss,correlation,p
0,1374058.4805297852,458.0194935099284,0.4866758274695118,3.200138969642397e-178
