,total_loss,avg_loss,correlation,p
0,197195.63494873047,197.19563494873046,0.10510380421333615,0.0008723958673689176
