,total_loss,avg_loss,correlation,p
0,1365164.9951782227,455.0549983927409,0.5036904892616463,9.006667844978163e-193
