,total_loss,avg_loss,correlation,p
0,551398.0031738281,551.3980031738281,0.4701079492416859,4.030225666770707e-56
