,total_loss,avg_loss,correlation,p
0,625464.8369140625,625.4648369140625,0.39847035944381026,2.1371620966840485e-39
