,total_loss,avg_loss,correlation,p
0,608085.064453125,608.085064453125,0.4254941900931879,3.076861541544806e-45
