,total_loss,avg_loss,correlation,p
0,436178.2646484375,436.1782646484375,0.6114732604485266,1.3820662608307135e-103
