,total_loss,avg_loss,correlation,p
0,380209.16845703125,380.20916845703124,0.6729439261529699,7.717241417554005e-133
