,total_loss,avg_loss,correlation,p
0,1021601.8792724609,340.53395975748697,0.6394396497526493,0.0
