,total_loss,avg_loss,correlation,p
0,1105959.218322754,368.6530727742513,0.6310109947246857,0.0
