,total_loss,avg_loss,correlation,p
0,219141.42443847656,219.14142443847658,0.14226370354747947,6.2978412577546955e-06
