,total_loss,avg_loss,correlation,p
0,241928.03442382812,241.92803442382814,0.15138784228111177,1.516424660773099e-06
