,total_loss,avg_loss,correlation,p
0,483822.0087890625,483.8220087890625,0.5780719176916567,3.1526040602292343e-90
