,total_loss,avg_loss,correlation,p
0,366282.1962890625,366.2821962890625,0.6724653698130736,1.3887898417172676e-132
