,total_loss,avg_loss,correlation,p
0,179738.89556884766,179.73889556884765,0.36501670925192276,7.069758613734381e-33
