,total_loss,avg_loss,correlation,p
0,228644.0107421875,228.6440107421875,0.30691265076534796,2.9607585945715657e-23
