,total_loss,avg_loss,correlation,p
0,414574.9130859375,414.5749130859375,0.7217228895398702,1.211784576066141e-161
