,total_loss,avg_loss,correlation,p
0,901543.9107666016,300.5146369222005,0.7097827944367434,0.0
