,total_loss,avg_loss,correlation,p
0,1054072.966369629,351.35765545654294,0.6349986389474931,0.0
