,total_loss,avg_loss,correlation,p
0,411614.39599609375,411.6143959960938,0.6540390038777623,4.1205301013629844e-123
