,total_loss,avg_loss,correlation,p
0,348638.14892578125,348.63814892578125,0.7052861617041307,2.8259428446155876e-151
