,total_loss,avg_loss,correlation,p
0,465558.76953125,465.55876953125,0.5788374255446631,1.6205285912329754e-90
