,total_loss,avg_loss,correlation,p
0,217826.55346679688,217.82655346679687,0.17870157029903255,1.2716485717482688e-08
