,total_loss,avg_loss,correlation,p
0,373496.845703125,373.496845703125,0.6782234595222152,1.0966387291524889e-135
