,total_loss,avg_loss,correlation,p
0,420403.798828125,420.403798828125,0.6323673262316963,8.677873464090005e-113
