,total_loss,avg_loss,correlation,p
0,1106420.232421875,368.806744140625,0.682037149964102,0.0
