,total_loss,avg_loss,correlation,p
0,310936.89453125,310.93689453125,0.7588420961421708,4.554522215634947e-188
