,total_loss,avg_loss,correlation,p
0,986384.3786621094,328.7947928873698,0.6661793673350007,0.0
