,total_loss,avg_loss,correlation,p
0,463201.2880859375,463.2012880859375,0.6323327512341785,8.999680856106579e-113
