,total_loss,avg_loss,correlation,p
0,215017.25146484375,215.01725146484375,0.16390835235818105,1.8677292607650166e-07
