,total_loss,avg_loss,correlation,p
0,466464.28125,466.46428125,0.6322400942494681,9.921933822670117e-113
