,total_loss,avg_loss,correlation,p
0,468239.49267578125,468.23949267578126,0.5861316720679194,2.6119106210929374e-93
