,total_loss,avg_loss,correlation,p
0,220972.2637939453,220.9722637939453,0.1568051339578624,6.251892501154337e-07
