,total_loss,avg_loss,correlation,p
0,1086481.3786621094,362.16045955403644,0.616352600779614,1.9208861488e-313
