,total_loss,avg_loss,correlation,p
0,247514.1173095703,247.5141173095703,0.20863296422017674,2.6874284920795817e-11
