,total_loss,avg_loss,correlation,p
0,397269.6650390625,397.2696650390625,0.634225571768842,1.2176567936571512e-113
