,total_loss,avg_loss,correlation,p
0,404054.65771484375,404.05465771484376,0.68122675681082,2.4742474033855902e-137
