,total_loss,avg_loss,correlation,p
0,1118033.0485839844,372.67768286132815,0.6605338549776962,0.0
