,total_loss,avg_loss,correlation,p
0,209403.24145507812,209.40324145507813,0.2980287129513852,5.832859373592775e-22
