,total_loss,avg_loss,correlation,p
0,393281.08984375,393.28108984375,0.6756695226113948,2.6601496658124173e-134
