,total_loss,avg_loss,correlation,p
0,1032286.3312988281,344.09544376627605,0.6451612675806211,0.0
