,total_loss,avg_loss,correlation,p
0,216689.4580078125,216.6894580078125,0.18966215783640528,1.4932477621035775e-09
