,total_loss,avg_loss,correlation,p
0,944910.3171386719,314.97010571289064,0.6990832948027679,0.0
