,total_loss,avg_loss,correlation,p
0,342225.98779296875,342.22598779296874,0.7161535839043569,4.7752059257501476e-158
