,total_loss,avg_loss,correlation,p
0,421007.0139160156,421.00701391601564,0.6350496700431194,5.074682109779618e-114
