,total_loss,avg_loss,correlation,p
0,394589.8740234375,394.5898740234375,0.6480192739718121,3.691337154883966e-120
