,total_loss,avg_loss,correlation,p
0,1077320.2902832031,359.1067634277344,0.6232070000608336,2e-322
