,total_loss,avg_loss,correlation,p
0,409255.5556640625,409.2555556640625,0.6559180615184196,4.780817031235816e-124
