,total_loss,avg_loss,correlation,p
0,443292.15576171875,443.29215576171873,0.6052749167393467,5.49279751605728e-101
