,total_loss,avg_loss,correlation,p
0,1022719.4585571289,340.90648618570964,0.6662523949811809,0.0
