,total_loss,avg_loss,correlation,p
0,414050.265625,414.050265625,0.663362011991931,8.067988338869312e-128
