,total_loss,avg_loss,correlation,p
0,199412.56811523438,199.41256811523436,0.22886925059051283,2.373361151697952e-13
