,total_loss,avg_loss,correlation,p
0,208784.95874023438,208.78495874023437,0.20927623005137003,2.3288276788381542e-11
