,total_loss,avg_loss,correlation,p
0,425244.556640625,425.244556640625,0.6157651229821148,2.0261613809492437e-105
