,total_loss,avg_loss,correlation,p
0,374231.04064941406,374.23104064941407,0.6706899408247411,1.2165813028114042e-131
