,total_loss,avg_loss,correlation,p
0,1006092.7628173828,335.3642542724609,0.6564324245157338,0.0
