,total_loss,avg_loss,correlation,p
0,1072927.8585205078,357.64261950683596,0.620437873053281,9.00593e-319
