,total_loss,avg_loss,correlation,p
0,470937.6875,470.9376875,0.5741809426823463,9.035063504042689e-89
