,total_loss,avg_loss,correlation,p
0,209235.33813476562,209.2353381347656,0.17719781099392212,1.6889207351882414e-08
