,total_loss,avg_loss,correlation,p
0,237893.46032714844,237.89346032714843,0.16423203541992257,1.7654564962890428e-07
