,total_loss,avg_loss,correlation,p
0,422626.37841796875,422.62637841796874,0.6341841237338501,1.2723667344786173e-113
