,total_loss,avg_loss,correlation,p
0,364096.71228027344,364.09671228027344,0.6706452947907023,1.2845687381741683e-131
