,total_loss,avg_loss,correlation,p
0,567964.251953125,567.964251953125,0.4658324041807288,5.2438438755104434e-55
