,total_loss,avg_loss,correlation,p
0,1406341.4282836914,468.7804760945638,0.47316148141010556,3.0893174137810443e-167
