,total_loss,avg_loss,correlation,p
0,220913.68627929688,220.91368627929688,0.05772395701994628,0.06805683878910035
