,total_loss,avg_loss,correlation,p
0,503410.3779296875,503.4103779296875,0.508989159198255,5.165914597395404e-67
