,total_loss,avg_loss,correlation,p
0,226054.02319335938,226.05402319335937,0.11987391725828994,0.00014486318031438786
