,total_loss,avg_loss,correlation,p
0,531859.1171875,531.8591171875,0.48755368230570056,7.784896485819215e-61
