,total_loss,avg_loss,correlation,p
0,1292288.3192138672,430.7627730712891,0.5232415778717632,1.527827990745959e-210
