,total_loss,avg_loss,correlation,p
0,648428.2783203125,648.4282783203125,0.36634828020586596,4.0199265289912916e-33
