,total_loss,avg_loss,correlation,p
0,233183.73046875,233.18373046875,0.19229288870618205,8.758708075760429e-10
