,total_loss,avg_loss,correlation,p
0,337592.5505371094,337.5925505371094,0.7070482816020478,2.3673855914404444e-152
