,total_loss,avg_loss,correlation,p
0,979113.7475585938,326.37124918619793,0.6684616249327995,0.0
