,total_loss,avg_loss,correlation,p
0,431616.79248046875,431.61679248046875,0.6246678405078927,2.575972165294653e-109
