,total_loss,avg_loss,correlation,p
0,456213.26904296875,456.21326904296876,0.5976855189395087,7.005518378478564e-98
