,total_loss,avg_loss,correlation,p
0,379654.4636230469,379.65446362304687,0.6570213738008434,1.3400001591181835e-124
