,total_loss,avg_loss,correlation,p
0,1069051.467163086,356.35048905436196,0.6282436302814799,0.0
