,total_loss,avg_loss,correlation,p
0,209904.41137695312,209.90441137695314,0.20612234255585782,4.679255128535483e-11
