,total_loss,avg_loss,correlation,p
0,414081.74609375,414.08174609375,0.6344823656313814,9.272621875160783e-114
