,total_loss,avg_loss,correlation,p
0,170424.43951416016,170.42443951416016,0.32381107289549504,7.646813397383182e-26
