,total_loss,avg_loss,correlation,p
0,276322.1530761719,276.3221530761719,0.7738888637593049,3.421594261552388e-200
