,total_loss,avg_loss,correlation,p
0,166222.40063476562,166.22240063476562,0.37359901774312676,1.7730110376180542e-34
