,total_loss,avg_loss,correlation,p
0,908033.6967773438,302.6778989257813,0.6893893115053039,0.0
