,total_loss,avg_loss,correlation,p
0,903138.7917480469,301.0462639160156,0.6900111393788062,0.0
