,total_loss,avg_loss,correlation,p
0,169835.46240234375,169.83546240234375,0.3272134788202533,2.1983664481879317e-26
