,total_loss,avg_loss,correlation,p
0,838211.0908813477,279.4036969604492,0.7190961038148451,0.0
