,total_loss,avg_loss,correlation,p
0,395665.525390625,395.665525390625,0.6572653739005818,1.0107081567787026e-124
