,total_loss,avg_loss,correlation,p
0,995904.5637207031,331.96818790690105,0.6474788969564578,0.0
