,total_loss,avg_loss,correlation,p
0,1015374.6243286133,338.45820810953774,0.6423492288717785,0.0
