,total_loss,avg_loss,correlation,p
0,445203.1259765625,445.2031259765625,0.6129804609720197,3.16036860666704e-104
