,total_loss,avg_loss,correlation,p
0,199856.81524658203,199.85681524658204,0.1685393890424839,8.257280779177953e-08
