,total_loss,avg_loss,correlation,p
0,360280.4777832031,360.28047778320314,0.6894764806912248,5.844493364435913e-142
