,total_loss,avg_loss,correlation,p
0,183017.40478515625,183.01740478515626,0.23709175106375072,3.03792695059154e-14
