,total_loss,avg_loss,correlation,p
0,945448.2520751953,315.1494173583984,0.6668854602815244,0.0
