,total_loss,avg_loss,correlation,p
0,387748.15380859375,387.74815380859377,0.662977716439656,1.27113992089289e-127
