,total_loss,avg_loss,correlation,p
0,183812.32708740234,183.81232708740234,0.2243315148938084,7.13750942384147e-13
