,total_loss,avg_loss,correlation,p
0,975352.1399536133,325.11737998453776,0.659222236594485,0.0
