,total_loss,avg_loss,correlation,p
0,180579.72033691406,180.57972033691405,0.20033088949780037,1.6372991738080716e-10
