,total_loss,avg_loss,correlation,p
0,389188.626953125,389.188626953125,0.6573776833139933,8.875894088620897e-125
