,total_loss,avg_loss,correlation,p
0,1027779.61328125,342.5932044270833,0.636286008751014,0.0
