,total_loss,avg_loss,correlation,p
0,371377.88397216797,371.377883972168,0.6679558876369414,3.3402021535113965e-130
