,total_loss,avg_loss,correlation,p
0,195006.28802490234,195.00628802490235,0.1973268594169281,3.0897856708888206e-10
