,total_loss,avg_loss,correlation,p
0,203724.3123779297,203.7243123779297,0.18345421039227486,5.1041740090994365e-09
