,total_loss,avg_loss,correlation,p
0,993979.1051025391,331.326368367513,0.6498720491114027,0.0
