,total_loss,avg_loss,correlation,p
0,1253823.4923095703,417.9411641031901,0.52558405944423,9.462259378074252e-213
