,total_loss,avg_loss,correlation,p
0,489917.74755859375,489.91774755859376,0.5196311238338466,3.010315040717959e-70
