,total_loss,avg_loss,correlation,p
0,487497.08740234375,487.49708740234377,0.5200162030511645,2.287744815563289e-70
