,total_loss,avg_loss,correlation,p
0,565764.2551269531,565.7642551269531,0.45093790982806636,3.0222983564766537e-51
