,total_loss,avg_loss,correlation,p
0,1256576.2606201172,418.85875354003906,0.5267473731706915,7.463994160436136e-214
