,total_loss,avg_loss,correlation,p
0,957018.7637939453,319.00625459798175,0.6639229354951613,0.0
