,total_loss,avg_loss,correlation,p
0,329339.5847167969,329.3395847167969,0.7090856351323083,1.3155433192628356e-153
