,total_loss,avg_loss,correlation,p
0,981545.7744140625,327.1819248046875,0.6598830236225541,0.0
