,mean_score,std_score,orig_avg_sent_len,orig_std_sent_len,orig_total_toks,orig_unique_toks
0,68.648181640625,18.777799148706976,16.446285714285715,5.087657381610231,115124,27763
