,total_loss,avg_loss,correlation,p
0,814253.552734375,814.253552734375,0.49198454753846854,4.466297697271593e-62
