,total_loss,avg_loss,correlation,p
0,458960.853515625,458.960853515625,0.08968226424096404,0.004537217332864258
