,total_loss,avg_loss,correlation,p
0,876009.4697265625,876.0094697265625,0.4057673779714701,6.381431521228938e-41
