,total_loss,avg_loss,correlation,p
0,923889.78515625,923.88978515625,0.43892402671096653,2.4031656583302128e-48
