,total_loss,avg_loss,correlation,p
0,258694.21612548828,258.69421612548825,0.16853058769778595,8.270277202376281e-08
