,total_loss,avg_loss,correlation,p
0,253880.99243164062,253.88099243164064,0.1414865914376377,7.081826798975988e-06
