,total_loss,avg_loss,correlation,p
0,857583.0751953125,857.5830751953125,0.5368950909515389,9.567339547654665e-76
