,total_loss,avg_loss,correlation,p
0,524763.0502929688,524.7630502929687,0.11341874241659129,0.0003259756230601348
