,total_loss,avg_loss,correlation,p
0,1120107.09375,1120.10709375,0.40809399560751086,2.0448926088197105e-41
