,total_loss,avg_loss,correlation,p
0,619054.7553710938,619.0547553710937,0.1057010028144299,0.0008146725971349054
