,total_loss,avg_loss,correlation,p
0,607470.2397460938,607.4702397460937,0.08079222776851995,0.010592626806425734
