,total_loss,avg_loss,correlation,p
0,895819.0986328125,895.8190986328125,0.4038656686822736,1.6069501645149843e-40
