,total_loss,avg_loss,correlation,p
0,898113.208984375,898.113208984375,0.422533787342481,1.427000684237327e-44
