,total_loss,avg_loss,correlation,p
0,314018.7943725586,314.0187943725586,0.05213140141915797,0.0994351511007188
