,total_loss,avg_loss,correlation,p
0,1006419.1865234375,1006.4191865234375,0.3921122179135816,4.2445281622082925e-38
