,total_loss,avg_loss,correlation,p
0,394106.59765625,394.10659765625,0.03684588925849062,0.244380523348197
