,total_loss,avg_loss,correlation,p
0,923492.833984375,923.492833984375,0.3902567714482962,1.0029781458984058e-37
