,total_loss,avg_loss,correlation,p
0,409549.6436767578,409.5496436767578,0.09298378613951852,0.003249371018977086
