,total_loss,avg_loss,correlation,p
0,505933.0361328125,505.9330361328125,0.04039200053728723,0.20187405178934115
