,total_loss,avg_loss,correlation,p
0,737743.6396484375,737.7436396484375,0.42492413201739054,4.1393407357755487e-45
