,total_loss,avg_loss,correlation,p
0,970782.6533203125,970.7826533203125,0.4412172932209689,6.856041957129219e-49
