,total_loss,avg_loss,correlation,p
0,554110.6088867188,554.1106088867188,0.15338373504596248,1.0979539534580376e-06
