,total_loss,avg_loss,correlation,p
0,899678.2104492188,899.6782104492188,0.442910634372228,2.6988270817963328e-49
