,total_loss,avg_loss,correlation,p
0,637643.0034179688,637.6430034179688,0.149506856335841,2.0480760750726526e-06
