,total_loss,avg_loss,correlation,p
0,835605.41796875,835.60541796875,0.4446719369068102,1.0176337919710978e-49
