,total_loss,avg_loss,correlation,p
0,930277.7119140625,930.2777119140625,0.38976653099423153,1.2576737033098353e-37
