,total_loss,avg_loss,correlation,p
0,611547.4575195312,611.5474575195312,0.09358615488536112,0.003053938082865523
