,total_loss,avg_loss,correlation,p
0,690847.6606445312,690.8476606445313,0.07043867654642394,0.025917363019997055
