,total_loss,avg_loss,correlation,p
0,897658.4682617188,299.2194894205729,0.703464331026548,0.0
