,total_loss,avg_loss,correlation,p
0,404914.7861328125,404.9147861328125,0.6432591358529497,7.155924121364752e-118
