,total_loss,avg_loss,correlation,p
0,880960.9439086914,293.6536479695638,0.6958763490592237,0.0
