,total_loss,avg_loss,correlation,p
0,304466.6525878906,304.4666525878906,0.7479328483122145,8.026384939770173e-180
