,total_loss,avg_loss,correlation,p
0,339800.9353027344,339.8009353027344,0.7161842776688611,4.564717857788345e-158
