,total_loss,avg_loss,correlation,p
0,315059.447265625,315.059447265625,0.7605329138886503,2.1924578448215962e-189
