,total_loss,avg_loss,correlation,p
0,970708.3936767578,323.56946455891926,0.6701080626460519,0.0
