,total_loss,avg_loss,correlation,p
0,164691.8119506836,164.6918119506836,0.3730358450303124,2.2658858858909684e-34
