,total_loss,avg_loss,correlation,p
0,1093307.9561767578,364.4359853922526,0.6294864422201201,0.0
