,total_loss,avg_loss,correlation,p
0,419811.705078125,419.811705078125,0.6363758145746272,1.233921265384463e-114
