,total_loss,avg_loss,correlation,p
0,209104.658203125,209.104658203125,0.11472414410393204,0.0002775845437257019
