,total_loss,avg_loss,correlation,p
0,171579.49285888672,171.5794928588867,0.29189333461141853,4.30370246526879e-21
