,total_loss,avg_loss,correlation,p
0,418891.318359375,418.891318359375,0.6468975747151764,1.2879737654771105e-119
