,total_loss,avg_loss,correlation,p
0,215363.5067138672,215.3635067138672,0.11637428858555787,0.00022601229997481245
