,total_loss,avg_loss,correlation,p
0,374503.4982910156,374.5034982910156,0.6937949453123051,1.9155302160097565e-144
