,total_loss,avg_loss,correlation,p
0,503440.91845703125,503.4409184570313,0.5584114882762763,4.641006916600667e-83
