,total_loss,avg_loss,correlation,p
0,441250.44970703125,441.25044970703124,0.6151618803652572,3.682494358683915e-105
