,total_loss,avg_loss,correlation,p
0,388348.1251220703,388.3481251220703,0.6506615132737414,1.9039121614908864e-121
