,total_loss,avg_loss,correlation,p
0,987604.5361328125,329.2015120442708,0.6540074178299258,0.0
