,total_loss,avg_loss,correlation,p
0,420856.39501953125,420.85639501953125,0.639156969387597,6.216217403108998e-116
