,total_loss,avg_loss,correlation,p
0,365137.83923339844,365.13783923339844,0.6679254990979786,3.4647879290172667e-130
