,total_loss,avg_loss,correlation,p
0,1062863.085571289,354.2876951904297,0.6269710098089978,0.0
