,total_loss,avg_loss,correlation,p
0,201610.29467773438,201.61029467773437,0.14658882430988263,3.241142853700691e-06
