,total_loss,avg_loss,correlation,p
0,233264.51150512695,233.26451150512696,0.08046373986945277,0.010914242247055306
