,total_loss,avg_loss,correlation,p
0,375708.5888671875,375.7085888671875,0.6726765052305976,1.0718025256489379e-132
