,total_loss,avg_loss,correlation,p
0,173394.13262939453,173.39413262939453,0.28717867990731993,1.9344125252953404e-20
