,total_loss,avg_loss,correlation,p
0,388939.3410644531,388.9393410644531,0.666658631500864,1.588621187446068e-129
