,total_loss,avg_loss,correlation,p
0,319132.8923339844,319.1328923339844,0.7199453914997969,1.739792104333252e-160
