,total_loss,avg_loss,correlation,p
0,370624.9152832031,370.6249152832031,0.6833000846188352,1.7583157137710836e-138
