,total_loss,avg_loss,correlation,p
0,212189.97875976562,212.18997875976564,0.16263031154277968,2.3303072605146144e-07
