,total_loss,avg_loss,correlation,p
0,863151.9501953125,287.71731673177084,0.7033893268576845,0.0
