,total_loss,avg_loss,correlation,p
0,976837.9074707031,325.6126358235677,0.6650106604999968,0.0
