,total_loss,avg_loss,correlation,p
0,440556.1965332031,440.55619653320315,0.6222363676937781,3.072069831212163e-108
