,total_loss,avg_loss,correlation,p
0,448978.60546875,448.97860546875,0.6134189899736839,2.0542085583557244e-104
