,total_loss,avg_loss,correlation,p
0,385246.1818847656,385.24618188476563,0.6669158584925808,1.166820393940629e-129
