,total_loss,avg_loss,correlation,p
0,1093429.6053466797,364.4765351155599,0.6241900110414886,1e-323
