,total_loss,avg_loss,correlation,p
0,201522.08758544922,201.5220875854492,0.22495980065630244,6.136920103834603e-13
