,total_loss,avg_loss,correlation,p
0,400661.2568359375,400.6612568359375,0.6608257977724137,1.600740207203525e-126
