,total_loss,avg_loss,correlation,p
0,987430.1691894531,329.1433897298177,0.6710213000092567,0.0
