,total_loss,avg_loss,correlation,p
0,203893.67529296875,203.89367529296874,0.15098655815318762,1.6173348237074207e-06
