,total_loss,avg_loss,correlation,p
0,1005425.5651855469,335.14185506184896,0.6515507324027605,0.0
