,total_loss,avg_loss,correlation,p
0,355351.4201660156,355.3514201660156,0.6885432453203253,1.9857077462718552e-141
