,total_loss,avg_loss,correlation,p
0,350053.5274658203,350.0535274658203,0.6945077078082034,7.378756209594624e-145
