,total_loss,avg_loss,correlation,p
0,207187.6085205078,207.1876085205078,0.1712277461522569,5.087962376689097e-08
