,total_loss,avg_loss,correlation,p
0,1019314.2502441406,339.7714167480469,0.6452883774360485,0.0
