,total_loss,avg_loss,correlation,p
0,213302.58416748047,213.30258416748046,0.15655795277829998,6.514153535950562e-07
