,total_loss,avg_loss,correlation,p
0,448184.4150390625,448.1844150390625,0.606255961888587,2.1488638637865798e-101
