,total_loss,avg_loss,correlation,p
0,486586.6505126953,486.5866505126953,0.5112636687055816,1.0750303513821871e-67
