,total_loss,avg_loss,correlation,p
0,223232.1551513672,223.23215515136718,0.10172195550413424,0.0012771481739053065
