,total_loss,avg_loss,correlation,p
0,1248476.284729004,416.15876157633465,0.5231464165086646,1.876766700364125e-210
