,total_loss,avg_loss,correlation,p
0,201618.48419189453,201.61848419189454,0.09866004665943495,0.0017863735509161848
