,total_loss,avg_loss,correlation,p
0,617088.3251953125,617.0883251953124,0.4321524684341028,9.226479100303795e-47
