,total_loss,avg_loss,correlation,p
0,1414615.370666504,471.5384568888346,0.48541184764694134,3.5776875082464474e-177
