,total_loss,avg_loss,correlation,p
0,574294.9089355469,574.2949089355469,0.46594835919106925,4.8936937254500476e-55
