,total_loss,avg_loss,correlation,p
0,560271.1440429688,560.2711440429688,0.4569956791588209,9.402363331737163e-53
