,total_loss,avg_loss,correlation,p
0,196595.27697753906,196.59527697753907,0.1815587323460588,7.367196649323422e-09
