,total_loss,avg_loss,correlation,p
0,988948.6380615234,329.6495460205078,0.66097104061271,0.0
