,total_loss,avg_loss,correlation,p
0,326875.9714355469,326.8759714355469,0.7171755339444918,1.0610448515497507e-158
