,total_loss,avg_loss,correlation,p
0,430706.6123046875,430.7066123046875,0.6120447950751176,7.905808963046953e-104
