,total_loss,avg_loss,correlation,p
0,943512.6436767578,314.5042145589193,0.6664454421122421,0.0
