,total_loss,avg_loss,correlation,p
0,450247.6813964844,450.2476813964844,0.6100615678933239,5.464954814026256e-103
