,total_loss,avg_loss,correlation,p
0,316210.7556152344,316.21075561523435,0.7208439310511079,4.536436930221592e-161
