,total_loss,avg_loss,correlation,p
0,211824.98217773438,211.82498217773437,0.16934377260849137,7.149305801389192e-08
