,total_loss,avg_loss,correlation,p
0,401615.89404296875,401.61589404296876,0.646280748228435,2.5549205015127217e-119
