,total_loss,avg_loss,correlation,p
0,291093.95068359375,291.09395068359373,0.7529524934700446,1.458570341937879e-183
