,total_loss,avg_loss,correlation,p
0,860129.7383422852,286.7099127807617,0.7019606872509476,0.0
