,total_loss,avg_loss,correlation,p
0,444708.2482910156,444.70824829101565,0.6082020063654316,3.3073666127764683e-102
