,total_loss,avg_loss,correlation,p
0,451155.14111328125,451.1551411132813,0.6105260300761409,3.479210927343507e-103
