,total_loss,avg_loss,correlation,p
0,982146.5725097656,327.38219083658856,0.6621009376395725,0.0
