,total_loss,avg_loss,correlation,p
0,184485.26037597656,184.48526037597657,0.20625998502057513,4.539959980117827e-11
