,total_loss,avg_loss,correlation,p
0,167419.8607788086,167.41986077880858,0.33188225921044767,3.87205538018872e-27
