,total_loss,avg_loss,correlation,p
0,856575.4715576172,285.5251571858724,0.7169589781629445,0.0
