,total_loss,avg_loss,correlation,p
0,277684.0496826172,277.6840496826172,0.7720823231023722,1.093951946883126e-198
