,total_loss,avg_loss,correlation,p
0,983551.2678222656,327.8504226074219,0.664955980645745,0.0
