,total_loss,avg_loss,correlation,p
0,352952.9904785156,352.95299047851563,0.7055628681667011,1.9168513989721705e-151
