,total_loss,avg_loss,correlation,p
0,185416.72265625,185.41672265625,0.23904159442421213,1.8444006651068355e-14
