,total_loss,avg_loss,correlation,p
0,345217.79553222656,345.21779553222655,0.7089099669437272,1.6895017759014517e-153
