,total_loss,avg_loss,correlation,p
0,179056.7860107422,179.0567860107422,0.42535744876486126,3.303936157464479e-45
