,total_loss,avg_loss,correlation,p
0,400567.85595703125,400.56785595703127,0.6511082500159684,1.1499585160674193e-121
