,total_loss,avg_loss,correlation,p
0,401233.75732421875,401.23375732421874,0.6478580143356907,4.419252944510599e-120
