,total_loss,avg_loss,correlation,p
0,938182.4659423828,312.7274886474609,0.6705729689915236,0.0
