,total_loss,avg_loss,correlation,p
0,437364.3720703125,437.3643720703125,0.6189356189896393,8.583476014140816e-107
