,total_loss,avg_loss,correlation,p
0,1031567.0859375,343.8556953125,0.6387029696717095,0.0
