,total_loss,avg_loss,correlation,p
0,356305.73107910156,356.3057310791016,0.6805189040920122,6.071822221922686e-137
