,total_loss,avg_loss,correlation,p
0,385308.64276123047,385.3086427612305,0.6528351245817617,1.6246901623911e-122
