,total_loss,avg_loss,correlation,p
0,208894.0762939453,208.89407629394532,0.13690963628018163,1.3958005908042812e-05
