,total_loss,avg_loss,correlation,p
0,180642.97735595703,180.64297735595704,0.23232881864119348,1.0089685709214784e-13
