,total_loss,avg_loss,correlation,p
0,185420.07299804688,185.42007299804686,0.24808605746221762,1.718693642330931e-15
