,total_loss,avg_loss,correlation,p
0,984999.7132568359,328.33323775227865,0.6610609787569912,0.0
