,total_loss,avg_loss,correlation,p
0,883810.9764404297,294.60365881347656,0.6953452081264139,0.0
