,total_loss,avg_loss,correlation,p
0,406166.42236328125,406.16642236328124,0.6495139791069005,6.924816700236119e-121
