,total_loss,avg_loss,correlation,p
0,176143.9364013672,176.1439364013672,0.25965226122433976,7.171118617208807e-17
