,total_loss,avg_loss,correlation,p
0,324232.7634277344,324.23276342773437,0.7247716717173177,1.1956934953658444e-163
