,total_loss,avg_loss,correlation,p
0,393413.2385253906,393.4132385253906,0.6582291485883265,3.3092206664626107e-125
