,total_loss,avg_loss,correlation,p
0,383434.27294921875,383.4342729492187,0.6661418076045652,2.950410467938684e-129
