,total_loss,avg_loss,correlation,p
0,193319.6173095703,193.3196173095703,0.2159735905075692,5.099927732389644e-12
