,total_loss,avg_loss,correlation,p
0,178976.76232910156,178.97676232910158,0.22768345818817243,3.17185550616173e-13
