,total_loss,avg_loss,correlation,p
0,990476.5725097656,330.1588575032552,0.6666379483818264,0.0
