,total_loss,avg_loss,correlation,p
0,1038128.5918579102,346.0428639526367,0.6396007979328322,0.0
