,total_loss,avg_loss,correlation,p
0,439446.7666015625,439.4467666015625,0.6227188206534628,1.8818704435631205e-108
