,total_loss,avg_loss,correlation,p
0,413780.06103515625,413.7800610351562,0.6425604866413855,1.5380780352691196e-117
