,total_loss,avg_loss,correlation,p
0,383376.0705566406,383.3760705566406,0.680193310019263,9.168149944533794e-137
