,total_loss,avg_loss,correlation,p
0,419703.6369628906,419.70363696289064,0.6328685397574274,5.116155143400601e-113
