,total_loss,avg_loss,correlation,p
0,356195.9970703125,356.1959970703125,0.6835548379011944,1.2686356174729248e-138
