,total_loss,avg_loss,correlation,p
0,1028888.4486083984,342.9628162027995,0.6414671861042852,0.0
