,total_loss,avg_loss,correlation,p
0,200885.34594726562,200.88534594726562,0.20750179205826425,3.453238615903796e-11
