,total_loss,avg_loss,correlation,p
0,467434.2724609375,467.4342724609375,0.5905932647458237,4.715387817706682e-95
