,total_loss,avg_loss,correlation,p
0,963738.0668945312,321.2460222981771,0.6626384510721326,0.0
