,total_loss,avg_loss,correlation,p
0,360568.8034057617,360.56880340576174,0.6821760020974758,7.393900688336294e-138
