,total_loss,avg_loss,correlation,p
0,417993.9990234375,417.9939990234375,0.632176027940393,1.0614106727843336e-112
