,total_loss,avg_loss,correlation,p
0,189548.05236816406,189.54805236816406,0.18590463818668918,3.157843471009405e-09
