,total_loss,avg_loss,correlation,p
0,198866.7579345703,198.8667579345703,0.11703829272318614,0.00020791425382142586
