,total_loss,avg_loss,correlation,p
0,493369.58935546875,493.36958935546875,0.5154622980744823,5.745927084250019e-69
