,total_loss,avg_loss,correlation,p
0,567475.7875976562,567.4757875976562,0.4735315719626998,5.0301883167927675e-57
