,total_loss,avg_loss,correlation,p
0,1420306.6782836914,473.43555942789715,0.4810288575379372,1.4296374381052437e-173
