,total_loss,avg_loss,correlation,p
0,653964.1396484375,653.9641396484375,0.3930187510657577,2.7828732438054236e-38
