,total_loss,avg_loss,correlation,p
0,571213.0966796875,571.2130966796875,0.4436248070980272,1.8185297600046447e-49
