,total_loss,avg_loss,correlation,p
0,1266110.8465576172,422.03694885253907,0.5202673394057292,9.179755489423427e-208
