,total_loss,avg_loss,correlation,p
0,201528.1713256836,201.5281713256836,0.0541216639409243,0.08715672788995127
