,total_loss,avg_loss,correlation,p
0,200664.72778320312,200.66472778320312,0.1688045199255691,7.874904935932708e-08
