,total_loss,avg_loss,correlation,p
0,458656.1025390625,458.6561025390625,0.6006413576811329,4.4237254517723064e-99
