,total_loss,avg_loss,correlation,p
0,334929.00372314453,334.92900372314455,0.704614940404018,7.232157385869511e-151
