,total_loss,avg_loss,correlation,p
0,1012860.0788574219,337.6200262858073,0.6503577103242013,0.0
