,total_loss,avg_loss,correlation,p
0,203933.8828125,203.9338828125,0.1738685557013514,3.1385259000887326e-08
