,total_loss,avg_loss,correlation,p
0,417501.3095703125,417.5013095703125,0.6293736479737756,1.9963304380011367e-111
