,total_loss,avg_loss,correlation,p
0,350270.0986328125,350.2700986328125,0.6954763019518743,2.0091760716952184e-145
