,total_loss,avg_loss,correlation,p
0,205015.8826904297,205.0158826904297,0.15212696173729706,1.3461616451727753e-06
