,total_loss,avg_loss,correlation,p
0,362575.3798828125,362.5753798828125,0.7033036139770508,4.500267632385891e-150
