,total_loss,avg_loss,correlation,p
0,443072.216796875,443.072216796875,0.6162242628180443,1.2847241844052274e-105
