,total_loss,avg_loss,correlation,p
0,165529.88842773438,165.52988842773436,0.35528333395695477,4.04420771595542e-31
