,total_loss,avg_loss,correlation,p
0,902581.8262939453,300.8606087646484,0.6950909261157175,0.0
