,total_loss,avg_loss,correlation,p
0,496903.322265625,496.903322265625,0.5673793635979874,2.8633816426690328e-86
