,total_loss,avg_loss,correlation,p
0,398524.45751953125,398.52445751953127,0.6518662357957485,4.878786612944848e-122
