,total_loss,avg_loss,correlation,p
0,273452.5654296875,273.4525654296875,0.7755660477261006,1.3323834627980757e-201
