,total_loss,avg_loss,correlation,p
0,320956.5634765625,320.9565634765625,0.7324468980554639,8.053906810177527e-169
