,total_loss,avg_loss,correlation,p
0,968880.4514160156,322.9601504720052,0.6719141421439581,0.0
