,total_loss,avg_loss,correlation,p
0,413250.01318359375,413.25001318359375,0.6379368243035871,2.3148766617220286e-115
