,total_loss,avg_loss,correlation,p
0,1064494.5794677734,354.83152648925784,0.640762624046685,0.0
