,total_loss,avg_loss,correlation,p
0,183385.5658569336,183.3855658569336,0.27183163790646087,2.121958338524559e-18
