,total_loss,avg_loss,correlation,p
0,305946.18701171875,305.94618701171873,0.7457898480947917,2.9822618266075404e-178
