,total_loss,avg_loss,correlation,p
0,204764.66540527344,204.76466540527343,0.14148363946985104,7.0849753663288315e-06
