,total_loss,avg_loss,correlation,p
0,836590.2117919922,278.86340393066405,0.7142820364838012,0.0
