,total_loss,avg_loss,correlation,p
0,223762.11889648438,223.76211889648437,0.12020240594771384,0.00013885310985068368
