,total_loss,avg_loss,correlation,p
0,436558.71337890625,436.55871337890625,0.6185059607698833,1.320236602303632e-106
