,total_loss,avg_loss,correlation,p
0,392756.6298828125,392.7566298828125,0.6468053069628137,1.427078700470406e-119
