,total_loss,avg_loss,correlation,p
0,415765.869140625,415.765869140625,0.6368708922632154,7.265227149023787e-115
