,total_loss,avg_loss,correlation,p
0,984706.4637451172,328.2354879150391,0.6579007796627301,0.0
