,total_loss,avg_loss,correlation,p
0,380812.99938964844,380.81299938964844,0.6744811376677342,1.160193286140801e-133
