,total_loss,avg_loss,correlation,p
0,1053077.457397461,351.02581913248696,0.6302265556596913,0.0
