,total_loss,avg_loss,correlation,p
0,188127.5968017578,188.12759680175782,0.19266809931415307,8.111991604981206e-10
