,total_loss,avg_loss,correlation,p
0,214039.06811523438,214.0390681152344,0.1308672272272578,3.309197731028776e-05
