,total_loss,avg_loss,correlation,p
0,387859.12158203125,387.85912158203126,0.6620353050387405,3.864632464815026e-127
