,total_loss,avg_loss,correlation,p
0,899938.0393066406,299.97934643554686,0.688138080795371,0.0
