,total_loss,avg_loss,correlation,p
0,340637.43200683594,340.6374320068359,0.7053446294570378,2.6035150269463944e-151
