,total_loss,avg_loss,correlation,p
0,995614.830078125,331.87161002604165,0.6577660725855934,0.0
