,total_loss,avg_loss,correlation,p
0,384510.6435546875,384.5106435546875,0.6658154947319668,4.3587175706590876e-129
