,total_loss,avg_loss,correlation,p
0,174789.95501708984,174.78995501708985,0.2689095485552179,5.020454511067946e-18
