,total_loss,avg_loss,correlation,p
0,393716.64111328125,393.71664111328124,0.6621000071665042,3.58104198402469e-127
