,total_loss,avg_loss,correlation,p
0,442129.4814453125,442.1294814453125,0.6209945537587558,1.0803519662076915e-107
