,total_loss,avg_loss,correlation,p
0,975471.7462158203,325.15724873860677,0.6688148840762294,0.0
