,total_loss,avg_loss,correlation,p
0,387412.6513671875,387.4126513671875,0.6729596495127455,7.569548201227007e-133
