,total_loss,avg_loss,correlation,p
0,205624.20666503906,205.62420666503905,0.1510562402783436,1.5993614174031949e-06
