,total_loss,avg_loss,correlation,p
0,406778.109375,406.778109375,0.655666799754949,6.382289396811213e-124
