,total_loss,avg_loss,correlation,p
0,1084397.231994629,361.46574399820963,0.6270885480341712,0.0
