,total_loss,avg_loss,correlation,p
0,436643.58850097656,436.64358850097653,0.6243891650904256,3.426124597326405e-109
