,total_loss,avg_loss,correlation,p
0,181280.35748291016,181.28035748291015,0.18970476306713074,1.4804906579707262e-09
