,total_loss,avg_loss,correlation,p
0,454145.81640625,454.14581640625,0.6073877657140376,7.24801783687764e-102
