,total_loss,avg_loss,correlation,p
0,195585.40844726562,195.58540844726562,0.1895440735455581,1.5291669218425272e-09
