,total_loss,avg_loss,correlation,p
0,990736.8538818359,330.245617960612,0.6608687130642992,0.0
