,total_loss,avg_loss,correlation,p
0,341005.60888671875,341.00560888671873,0.7054806315027532,2.151340601360692e-151
