,total_loss,avg_loss,correlation,p
0,346676.86865234375,346.6768686523437,0.6961340178772054,8.281217336195819e-146
