,total_loss,avg_loss,correlation,p
0,438741.7490234375,438.7417490234375,0.6182279836779723,1.7437078851559038e-106
