,total_loss,avg_loss,correlation,p
0,221674.33154296875,221.67433154296876,0.14047726695422452,8.23995619901128e-06
