,total_loss,avg_loss,correlation,p
0,1007092.9630126953,335.6976543375651,0.6512435595841954,0.0
