,total_loss,avg_loss,correlation,p
0,1404836.6423339844,468.2788807779948,0.4889000292777799,4.461991142978261e-180
