,total_loss,avg_loss,correlation,p
0,1244768.5302734375,414.92284342447914,0.5273992352586913,1.7906469954526054e-214
