,total_loss,avg_loss,correlation,p
0,618366.7802734375,618.3667802734375,0.42771673301916097,9.626907201511631e-46
