,total_loss,avg_loss,correlation,p
0,537274.7331542969,537.2747331542969,0.4874872430518359,8.12320547115182e-61
