,total_loss,avg_loss,correlation,p
0,212270.6854248047,212.2706854248047,0.060037384771058314,0.057711044878648726
