,total_loss,avg_loss,correlation,p
0,495223.1064453125,495.2231064453125,0.5068893887185799,2.1774163389351754e-66
