,total_loss,avg_loss,correlation,p
0,564386.7021484375,564.3867021484375,0.47697524673184344,6.055393818596443e-58
