,total_loss,avg_loss,correlation,p
0,222083.1590576172,222.0831590576172,0.08480996156147909,0.007287603323352404
