,total_loss,avg_loss,correlation,p
0,341346.5283203125,341.3465283203125,0.7059208220034612,1.1593743370013059e-151
