,total_loss,avg_loss,correlation,p
0,218912.90405273438,218.91290405273438,0.1539004279047086,1.0092244961689913e-06
