,total_loss,avg_loss,correlation,p
0,459010.25048828125,459.01025048828126,0.6013600745930239,2.2500542218812903e-99
