,total_loss,avg_loss,correlation,p
0,1022702.9822998047,340.9009940999349,0.6472321019832399,0.0
