,total_loss,avg_loss,correlation,p
0,989023.2900390625,329.6744300130208,0.6573322443981298,0.0
