,total_loss,avg_loss,correlation,p
0,344779.8352050781,344.77983520507814,0.6991993481145637,1.2889674598712135e-147
