,total_loss,avg_loss,correlation,p
0,441051.78759765625,441.05178759765624,0.6066154119744319,1.5223535198336764e-101
