,total_loss,avg_loss,correlation,p
0,206624.96716308594,206.62496716308593,0.14983844521899148,1.9429055999135e-06
