,total_loss,avg_loss,correlation,p
0,292618.181640625,292.618181640625,0.7646909669061821,1.13186824815349e-192
