,total_loss,avg_loss,correlation,p
0,855177.6416015625,285.0592138671875,0.7122921355680674,0.0
