,total_loss,avg_loss,correlation,p
0,323527.4821777344,323.5274821777344,0.7345780266585316,2.7421089756825067e-170
