,total_loss,avg_loss,correlation,p
0,413203.4072265625,413.2034072265625,0.6346549813995572,7.719758006752286e-114
