,total_loss,avg_loss,correlation,p
0,397924.267578125,397.924267578125,0.651321134495608,9.040822719702156e-122
