,total_loss,avg_loss,correlation,p
0,167136.31896972656,167.13631896972657,0.3704900920977342,6.82586697376923e-34
