,total_loss,avg_loss,correlation,p
0,320099.9020996094,320.0999020996094,0.7353581550404962,7.891684204419781e-171
