,total_loss,avg_loss,correlation,p
0,377413.26385498047,377.41326385498047,0.6618369755475808,4.881051773368874e-127
