,total_loss,avg_loss,correlation,p
0,432939.607421875,432.939607421875,0.615299569055979,3.213429004226454e-105
