,total_loss,avg_loss,correlation,p
0,192758.22717285156,192.75822717285158,0.18616358520217957,3.000468208056925e-09
