,total_loss,avg_loss,correlation,p
0,363108.1273803711,363.1081273803711,0.6715376963346276,4.324357433671479e-132
