,total_loss,avg_loss,correlation,p
0,397905.6650390625,397.9056650390625,0.6571993181445768,1.0909243250471451e-124
