,total_loss,avg_loss,correlation,p
0,192980.15795898438,192.98015795898436,0.2433791337649532,5.9813836332263964e-15
