,total_loss,avg_loss,correlation,p
0,948319.1866455078,316.1063955485026,0.6766226229257717,0.0
