,total_loss,avg_loss,correlation,p
0,393380.4323730469,393.38043237304686,0.6604070063865665,2.614331927364507e-126
