,total_loss,avg_loss,correlation,p
0,361958.60369873047,361.9586036987305,0.6815075079217174,1.7318206345477712e-137
