,total_loss,avg_loss,correlation,p
0,941203.5327148438,313.7345109049479,0.6779063472356718,0.0
