,total_loss,avg_loss,correlation,p
0,377119.12109375,377.11912109375,0.6560990451688332,3.88193619018153e-124
