,total_loss,avg_loss,correlation,p
0,402350.6826171875,402.3506826171875,0.645753639858949,4.581780410757275e-119
