,total_loss,avg_loss,correlation,p
0,427594.9248046875,427.5949248046875,0.6200469645612792,2.80965444132032e-107
