,total_loss,avg_loss,correlation,p
0,397787.7243652344,397.7877243652344,0.6331701726350392,3.7208605373534237e-113
