,total_loss,avg_loss,correlation,p
0,426267.5625,426.2675625,0.6254144378256028,1.1980726109265484e-109
