,total_loss,avg_loss,correlation,p
0,200894.2548828125,200.8942548828125,0.06732143242652366,0.0332837900912396
