,total_loss,avg_loss,correlation,p
0,199648.24243164062,199.64824243164063,0.06603916558962708,0.0367969790558219
