,total_loss,avg_loss,correlation,p
0,566678.1640625,566.6781640625,0.44820618101901855,1.4128114742396078e-50
