,total_loss,avg_loss,correlation,p
0,343276.48291015625,343.27648291015623,0.7008496196871845,1.3408346844880622e-148
