,total_loss,avg_loss,correlation,p
0,438005.8779296875,438.0058779296875,0.6136906541759928,1.5725137417859344e-104
