,total_loss,avg_loss,correlation,p
0,427250.52734375,427.25052734375,0.6185155498399688,1.3076205646228656e-106
