,total_loss,avg_loss,correlation,p
0,200263.4180908203,200.26341809082032,0.1864860004160752,2.8151512793400725e-09
