,total_loss,avg_loss,correlation,p
0,200428.65588378906,200.42865588378908,0.16989382645960494,6.475954027489986e-08
