,total_loss,avg_loss,correlation,p
0,748740.5986328125,748.7405986328125,0.40766390741463004,2.5253990575560984e-41
