,total_loss,avg_loss,correlation,p
0,818165.4951171875,818.1654951171874,0.5241165447100185,1.2038488959713895e-71
