,total_loss,avg_loss,correlation,p
0,787305.9765625,787.3059765625,0.468596879374128,1.002214257158139e-55
