,total_loss,avg_loss,correlation,p
0,358350.1368408203,358.3501368408203,0.06919191939407573,0.028674952541403842
