,total_loss,avg_loss,correlation,p
0,823785.05078125,823.78505078125,0.48174697805915284,3.0949414055404376e-59
