,total_loss,avg_loss,correlation,p
0,378149.0788574219,378.1490788574219,0.07848364236319616,0.013042863321452974
