,total_loss,avg_loss,correlation,p
0,272202.5799560547,272.2025799560547,0.09120621831844006,0.003894230432515368
