,total_loss,avg_loss,correlation,p
0,300887.9780883789,300.88797808837893,0.16386706667573092,1.8811782682905745e-07
