,total_loss,avg_loss,correlation,p
0,872869.4272460938,872.8694272460938,0.4340958716433497,3.266122497093766e-47
