,total_loss,avg_loss,correlation,p
0,523877.67541503906,523.8776754150391,0.12955258301618594,3.973479578978409e-05
