,total_loss,avg_loss,correlation,p
0,909847.0830078125,909.8470830078124,0.40378920492339365,1.6675345501989643e-40
