,total_loss,avg_loss,correlation,p
0,642527.1479492188,642.5271479492187,0.1451873357234354,4.028025223780276e-06
