,total_loss,avg_loss,correlation,p
0,815653.6650390625,815.6536650390625,0.43028991772319736,2.4804320210302328e-46
