,total_loss,avg_loss,correlation,p
0,368643.3679199219,368.6433679199219,0.051016819195000854,0.10689108573932855
