,total_loss,avg_loss,correlation,p
0,250055.7501220703,250.05575012207032,0.11619754457964311,0.00023107270064292798
