,total_loss,avg_loss,correlation,p
0,1012891.015625,1012.891015625,0.38724981552478965,3.994588057083162e-37
