,total_loss,avg_loss,correlation,p
0,849030.8857421875,849.0308857421875,0.41299441983749463,1.80630247525095e-42
