,total_loss,avg_loss,correlation,p
0,734891.4155273438,734.8914155273437,0.4486042189792854,1.1294700687090054e-50
