,total_loss,avg_loss,correlation,p
0,421459.0615234375,421.4590615234375,0.11547719951170576,0.0002528156347797481
