,total_loss,avg_loss,correlation,p
0,452490.8076171875,452.4908076171875,0.11399344033994635,0.00030377364443190884
