,total_loss,avg_loss,correlation,p
0,457253.5119628906,457.2535119628906,0.11871768038268483,0.00016802062204262762
