,total_loss,avg_loss,correlation,p
0,960501.3369140625,960.5013369140624,0.44241988471235777,3.537976006453006e-49
