,total_loss,avg_loss,correlation,p
0,627647.5124511719,627.6475124511719,0.13585418298640045,1.6272891703990248e-05
