,total_loss,avg_loss,correlation,p
0,851028.828125,851.028828125,0.4510058253692716,2.9080946544721295e-51
