,total_loss,avg_loss,correlation,p
0,598053.3754882812,598.0533754882813,0.10627872425586866,0.0007622177937114231
