,total_loss,avg_loss,correlation,p
0,856840.75390625,856.84075390625,0.43923911914531716,2.0238960351241275e-48
