,total_loss,avg_loss,correlation,p
0,891119.2138671875,891.1192138671875,0.4224864755449127,1.4622414943895662e-44
