,total_loss,avg_loss,correlation,p
0,549374.2585449219,549.3742585449219,0.1274336856170704,5.316626787212269e-05
