,total_loss,avg_loss,correlation,p
0,936434.85546875,936.43485546875,0.39503974976418155,1.0806997408314233e-38
