,total_loss,avg_loss,correlation,p
0,555036.6196289062,555.0366196289062,0.1254050641504724,6.996531421120286e-05
