,total_loss,avg_loss,correlation,p
0,1030496.013671875,1030.496013671875,0.5255035097773668,4.4057608800664595e-72
