,total_loss,avg_loss,correlation,p
0,557545.1142578125,557.5451142578125,0.13894499454719164,1.0349612019055064e-05
