,total_loss,avg_loss,correlation,p
0,941308.5087890625,941.3085087890624,0.4620265118405096,4.9929606536024276e-54
