,total_loss,avg_loss,correlation,p
0,522383.146484375,522.383146484375,0.1840114833239869,4.578764944140274e-09
