,total_loss,avg_loss,correlation,p
0,498166.1201171875,498.1661201171875,0.26677381848834286,9.35864088187874e-18
