,total_loss,avg_loss,correlation,p
0,816978.0625,816.9780625,0.364846330469868,7.597901401135528e-33
