,total_loss,avg_loss,correlation,p
0,466928.0783691406,466.9280783691406,0.09521726389415719,0.0025772688277582822
