,total_loss,avg_loss,correlation,p
0,939416.365234375,939.416365234375,0.3801684948299469,9.78202286676753e-36
