,total_loss,avg_loss,correlation,p
0,909504.8115234375,909.5048115234375,0.403448694675629,1.9660659878531256e-40
