,total_loss,avg_loss,correlation,p
0,612402.0576171875,612.4020576171876,0.11141472476565353,0.0004158246136667837
