,total_loss,avg_loss,correlation,p
0,1066344.5126953125,1066.3445126953125,0.41870690042534164,1.0138480453808067e-43
