,total_loss,avg_loss,correlation,p
0,310765.4323120117,310.76543231201174,0.13980633899654743,9.107537171460499e-06
