,total_loss,avg_loss,correlation,p
0,398316.9228515625,398.3169228515625,0.08135410824006392,0.010061973384236249
