,total_loss,avg_loss,correlation,p
0,1077628.69921875,1077.62869921875,0.3600141746108291,5.757824569307329e-32
