,total_loss,avg_loss,correlation,p
0,515554.2663574219,515.5542663574219,0.1797189852692942,1.0480611781943296e-08
