,total_loss,avg_loss,correlation,p
0,506267.1279296875,506.2671279296875,0.14020337564276916,8.58414589978807e-06
