,total_loss,avg_loss,correlation,p
0,910671.4340820312,910.6714340820313,0.35738943934023554,1.7049718631118608e-31
