,total_loss,avg_loss,correlation,p
0,805320.9252929688,805.3209252929687,0.43343821168767926,4.644979569435482e-47
