,total_loss,avg_loss,correlation,p
0,949639.3745117188,949.6393745117188,0.4359204370000663,1.2244107399343519e-47
