,total_loss,avg_loss,correlation,p
0,975111.3813476562,975.1113813476562,0.45977731393402205,1.866241056679279e-53
