,total_loss,avg_loss,correlation,p
0,573306.041015625,573.306041015625,0.14686059474321622,3.1066496015703135e-06
