,total_loss,avg_loss,correlation,p
0,584715.1904296875,584.7151904296875,0.12816552798343606,4.8103613606589554e-05
