,total_loss,avg_loss,correlation,p
0,840822.3076171875,840.8223076171874,0.44419562762261017,1.3255218946665554e-49
