,total_loss,avg_loss,correlation,p
0,606545.5629882812,606.5455629882813,0.09340694900564009,0.0031109307159340772
