,total_loss,avg_loss,correlation,p
0,696949.4462890625,696.9494462890625,0.09779262037388337,0.00196130594228692
