,total_loss,avg_loss,correlation,p
0,985325.8212890625,985.3258212890624,0.4384849534410806,3.05210676211194e-48
