,total_loss,avg_loss,correlation,p
0,335304.2424316406,335.3042424316406,0.7213489523364107,2.126138111456444e-161
