,total_loss,avg_loss,correlation,p
0,404887.48193359375,404.88748193359373,0.6504586672073676,2.393030295371399e-121
