,total_loss,avg_loss,correlation,p
0,893953.6982421875,297.98456608072917,0.6895235533307928,0.0
