,total_loss,avg_loss,correlation,p
0,274562.82373046875,274.5628237304687,0.7676126728170223,5.046564320923636e-195
