,total_loss,avg_loss,correlation,p
0,368823.71142578125,368.82371142578126,0.6903917532724739,1.7532248844626437e-142
