,total_loss,avg_loss,correlation,p
0,207805.9610595703,207.8059610595703,0.11135925828973654,0.00041861240144983156
