,total_loss,avg_loss,correlation,p
0,940677.4995117188,313.5591665039062,0.6822030481753252,0.0
