,total_loss,avg_loss,correlation,p
0,306243.26513671875,306.2432651367188,0.7397295057042479,6.764890371646224e-174
