,total_loss,avg_loss,correlation,p
0,166463.0555419922,166.4630555419922,0.3793709658458939,1.3954918452792788e-35
