,total_loss,avg_loss,correlation,p
0,1030006.9541625977,343.33565138753255,0.6481017568537062,0.0
