,total_loss,avg_loss,correlation,p
0,194020.72283935547,194.02072283935547,0.17991512782674618,1.0095805107038631e-08
