,total_loss,avg_loss,correlation,p
0,172399.90682983398,172.39990682983398,0.3077027169939777,2.2599648078906128e-23
