,total_loss,avg_loss,correlation,p
0,412110.0810546875,412.1100810546875,0.6448086295654811,1.3017875185394003e-118
