,total_loss,avg_loss,correlation,p
0,415310.48291015625,415.3104829101562,0.6315469545062647,2.05631790235238e-112
