,total_loss,avg_loss,correlation,p
0,844664.6655273438,281.55488850911456,0.7101987245654952,0.0
