,total_loss,avg_loss,correlation,p
0,453377.296875,453.377296875,0.6043726393507608,1.2983777561744422e-100
