,total_loss,avg_loss,correlation,p
0,405901.54736328125,405.9015473632812,0.6426790138582592,1.3510207045367648e-117
