,total_loss,avg_loss,correlation,p
0,452176.30615234375,452.1763061523437,0.6006430699493881,4.416615497122652e-99
