,total_loss,avg_loss,correlation,p
0,1139048.8771972656,379.6829590657552,0.6053130183074587,1.987191983996485e-299
