,total_loss,avg_loss,correlation,p
0,212093.15350341797,212.09315350341797,0.1239790774881038,8.465180424056302e-05
