,total_loss,avg_loss,correlation,p
0,387356.6513671875,387.3566513671875,0.646123895972669,3.040261151633933e-119
