,total_loss,avg_loss,correlation,p
0,989539.3037109375,329.8464345703125,0.6468526144722426,0.0
