,total_loss,avg_loss,correlation,p
0,196281.1254272461,196.28112542724608,0.139779705285034,9.14371546561402e-06
