,total_loss,avg_loss,correlation,p
0,474779.44677734375,474.77944677734376,0.5922839215522036,1.0132852521292317e-95
