,total_loss,avg_loss,correlation,p
0,410742.4309082031,410.7424309082031,0.643729273821831,4.2712508855252585e-118
