,total_loss,avg_loss,correlation,p
0,168122.6171875,168.1226171875,0.3473511208640675,9.872325812444741e-30
