,total_loss,avg_loss,correlation,p
0,382620.02099609375,382.62002099609373,0.669682824101623,4.1387335519512865e-131
