,total_loss,avg_loss,correlation,p
0,199412.3349609375,199.4123349609375,0.18381879267014434,4.754200097480463e-09
