,total_loss,avg_loss,correlation,p
0,435611.6750488281,435.61167504882815,0.6366778792086452,8.932706133378526e-115
