,total_loss,avg_loss,correlation,p
0,888943.0263671875,296.31434212239583,0.6930084095753877,0.0
