,total_loss,avg_loss,correlation,p
0,338200.38146972656,338.20038146972655,0.7029838447575134,7.017569428383408e-150
