,total_loss,avg_loss,correlation,p
0,1045766.4171142578,348.5888057047526,0.6452016912635167,0.0
