,total_loss,avg_loss,correlation,p
0,968261.258605957,322.7537528686523,0.6565423659362213,0.0
