,total_loss,avg_loss,correlation,p
0,176881.58966064453,176.88158966064452,0.24160990677814048,9.493797584823331e-15
