,total_loss,avg_loss,correlation,p
0,408763.0654296875,408.7630654296875,0.6399592138476037,2.6102331998307693e-116
