,total_loss,avg_loss,correlation,p
0,382616.02404785156,382.61602404785157,0.6487887470084636,1.561537527226369e-120
