,total_loss,avg_loss,correlation,p
0,468139.14849853516,468.1391484985352,0.5879575534802033,5.090310991047788e-94
