,total_loss,avg_loss,correlation,p
0,1119054.0729980469,373.0180243326823,0.6119520886900185,8.639943361830131e-308
