,total_loss,avg_loss,correlation,p
0,466564.880859375,466.564880859375,0.6006167099491427,4.527344206676201e-99
