,total_loss,avg_loss,correlation,p
0,184346.70526123047,184.34670526123048,0.19772606909893187,2.841356316292503e-10
