,total_loss,avg_loss,correlation,p
0,413422.83984375,413.42283984375,0.6351924851112021,4.359307824371665e-114
