,total_loss,avg_loss,correlation,p
0,207563.40112304688,207.56340112304687,0.1623872899417862,2.429977953768924e-07
