,total_loss,avg_loss,correlation,p
0,184743.19104003906,184.74319104003905,0.19143493416182278,1.0431852480126627e-09
