,total_loss,avg_loss,correlation,p
0,423613.4326171875,423.6134326171875,0.6340977263115676,1.3944089556677195e-113
