,total_loss,avg_loss,correlation,p
0,366776.2969970703,366.7762969970703,0.6786278119463331,6.59958156091226e-136
