,total_loss,avg_loss,correlation,p
0,968237.7378540039,322.7459126180013,0.6582263814176507,0.0
