,total_loss,avg_loss,correlation,p
0,997953.146484375,332.651048828125,0.6551180205359244,0.0
