,total_loss,avg_loss,correlation,p
0,370071.69232177734,370.07169232177733,0.6674827447645748,5.904448490450298e-130
