,total_loss,avg_loss,correlation,p
0,197764.99237060547,197.76499237060546,0.12576680455720948,6.664228674470555e-05
