,total_loss,avg_loss,correlation,p
0,1330539.579650879,443.5131932169596,0.5104655792949125,8.458977044244142e-199
