,total_loss,avg_loss,correlation,p
0,533595.9682617188,533.5959682617188,0.4928761884930888,2.500024403379827e-62
