,total_loss,avg_loss,correlation,p
0,539699.1127929688,539.6991127929688,0.47579927991127746,1.2511209835293187e-57
