,total_loss,avg_loss,correlation,p
0,599178.6201171875,599.1786201171875,0.44263574652270943,3.1409410583453717e-49
