,total_loss,avg_loss,correlation,p
0,1221181.3572387695,407.06045241292315,0.5312000700312943,4.0837634732930645e-218
