,total_loss,avg_loss,correlation,p
0,195652.89544677734,195.65289544677734,0.06621792462135069,0.03628904270174979
