,total_loss,avg_loss,correlation,p
0,485829.34509277344,485.82934509277345,0.5168513333760933,2.1607008475789818e-69
