,total_loss,avg_loss,correlation,p
0,949789.3569335938,316.59645231119794,0.6735377731507985,0.0
