,total_loss,avg_loss,correlation,p
0,186075.20989990234,186.07520989990235,0.23894653298641946,1.890018184592977e-14
