,total_loss,avg_loss,correlation,p
0,995065.8399658203,331.6886133219401,0.6608427025333031,0.0
