,total_loss,avg_loss,correlation,p
0,325194.9865722656,325.19498657226563,0.7174183522242928,7.414660179943527e-159
