,total_loss,avg_loss,correlation,p
0,430605.4592285156,430.6054592285156,0.6241732858160194,4.272361595325017e-109
