,total_loss,avg_loss,correlation,p
0,378385.1688232422,378.38516882324217,0.6816785135883415,1.393295731350089e-137
