,total_loss,avg_loss,correlation,p
0,430712.28271484375,430.71228271484375,0.6278644596015139,9.574388444863536e-111
