,total_loss,avg_loss,correlation,p
0,193882.0975341797,193.88209753417968,0.23273477453582425,9.117844502191474e-14
