,total_loss,avg_loss,correlation,p
0,186100.4151611328,186.10041516113282,0.23138485556633115,1.2759564536840658e-13
