,total_loss,avg_loss,correlation,p
0,347719.66845703125,347.7196684570313,0.7407436364284214,1.2879471574925964e-174
