,total_loss,avg_loss,correlation,p
0,317562.7822265625,317.5627822265625,0.738222758344542,7.840412297039231e-173
