,total_loss,avg_loss,correlation,p
0,405173.64990234375,405.17364990234375,0.6553643412649288,9.033535522671421e-124
