,total_loss,avg_loss,correlation,p
0,313493.451171875,313.493451171875,0.7417780792625019,2.352966171232153e-175
