,total_loss,avg_loss,correlation,p
0,917070.6342773438,305.69021142578123,0.684847198939021,0.0
