,total_loss,avg_loss,correlation,p
0,415338.5517578125,415.3385517578125,0.6326328156298597,6.560207494764305e-113
