,total_loss,avg_loss,correlation,p
0,433543.865234375,433.543865234375,0.6253679815852777,1.2565980843575682e-109
