,total_loss,avg_loss,correlation,p
0,180655.9500732422,180.6559500732422,0.321216803442406,1.9572752852931868e-25
