,total_loss,avg_loss,correlation,p
0,914386.9602050781,304.79565340169273,0.6875826383493867,0.0
