,total_loss,avg_loss,correlation,p
0,295518.83935546875,295.51883935546874,0.7575141141058215,4.848543844111351e-187
