,total_loss,avg_loss,correlation,p
0,952648.5758056641,317.5495252685547,0.6868048055297812,0.0
