,total_loss,avg_loss,correlation,p
0,418981.357421875,418.981357421875,0.6260456795207776,6.261609559511683e-110
