,total_loss,avg_loss,correlation,p
0,180526.4432373047,180.52644323730468,0.251703118228879,6.47496452186816e-16
