,total_loss,avg_loss,correlation,p
0,880425.73046875,293.4752434895833,0.7097207795677457,0.0
