,total_loss,avg_loss,correlation,p
0,171385.0014038086,171.3850014038086,0.3801600982325942,9.818731981208909e-36
