,total_loss,avg_loss,correlation,p
0,421410.2822265625,421.4102822265625,0.6280990435450106,7.507994581783459e-111
