,total_loss,avg_loss,correlation,p
0,428806.59619140625,428.80659619140624,0.6213052437693374,7.891476739776753e-108
