,total_loss,avg_loss,correlation,p
0,1003919.6087646484,334.63986958821613,0.6441829932509304,0.0
