,total_loss,avg_loss,correlation,p
0,195044.97424316406,195.04497424316406,0.18523301401861958,3.60435281680157e-09
