,total_loss,avg_loss,correlation,p
0,972088.4462890625,324.0294820963542,0.6575224840579003,0.0
