,total_loss,avg_loss,correlation,p
0,380068.0324707031,380.06803247070314,0.6523992439993638,2.665770169148808e-122
