,total_loss,avg_loss,correlation,p
0,196940.9482421875,196.9409482421875,0.17200808113708804,4.4144819770378955e-08
