,total_loss,avg_loss,correlation,p
0,353737.22607421875,353.73722607421877,0.6818019139879381,1.1908019538768085e-137
