,total_loss,avg_loss,correlation,p
0,368649.70837402344,368.6497083740234,0.6765218994846811,9.210313808409344e-135
