,total_loss,avg_loss,correlation,p
0,193575.89770507812,193.57589770507812,0.3294447928592884,9.622877434678147e-27
