,total_loss,avg_loss,correlation,p
0,957697.5314941406,319.23251049804685,0.6942681802273638,0.0
