,total_loss,avg_loss,correlation,p
0,360683.9697265625,360.6839697265625,0.7143503867055899,6.677606245421097e-157
