,total_loss,avg_loss,correlation,p
0,957151.1278076172,319.0503759358724,0.67000126920456,0.0
