,total_loss,avg_loss,correlation,p
0,193517.70349121094,193.51770349121094,0.19702035275087745,3.2947771063580676e-10
