,total_loss,avg_loss,correlation,p
0,403437.671875,403.437671875,0.6637792296766696,4.921426940370184e-128
