,total_loss,avg_loss,correlation,p
0,394983.6955566406,394.9836955566406,0.6587644147662421,1.7768243140100096e-125
