,total_loss,avg_loss,correlation,p
0,180162.1358642578,180.1621358642578,0.24275414166025525,7.044682724665564e-15
