,total_loss,avg_loss,correlation,p
0,355361.14697265625,355.36114697265623,0.6851002049733884,1.7389170385952795e-139
