,total_loss,avg_loss,correlation,p
0,942982.8325805664,314.3276108601888,0.6729490978545617,0.0
