,total_loss,avg_loss,correlation,p
0,365064.97106933594,365.0649710693359,0.6810549450138056,3.0773458429114534e-137
