,total_loss,avg_loss,correlation,p
0,397754.52685546875,397.7545268554687,0.6517005697364047,5.885574338128243e-122
