,total_loss,avg_loss,correlation,p
0,389520.498046875,389.520498046875,0.6595180117061261,7.386816171499858e-126
