,total_loss,avg_loss,correlation,p
0,923538.5559692383,307.84618532307945,0.678263583236184,0.0
