,total_loss,avg_loss,correlation,p
0,178655.87579345703,178.65587579345703,0.24551663407067148,3.4061288411739558e-15
