,total_loss,avg_loss,correlation,p
0,446001.5888671875,446.0015888671875,0.6191704515857483,6.78173113616066e-107
