,total_loss,avg_loss,correlation,p
0,203059.45043945312,203.05945043945312,0.18890301511867966,1.7393290446905458e-09
