,total_loss,avg_loss,correlation,p
0,336120.98205566406,336.12098205566406,0.7027307424122284,9.970682906782061e-150
