,total_loss,avg_loss,correlation,p
0,208060.3125,208.0603125,0.16293372587024085,2.211393920462085e-07
