,total_loss,avg_loss,correlation,p
0,985182.0407714844,328.3940135904948,0.6620342710555399,0.0
