,total_loss,avg_loss,correlation,p
0,1000878.0178222656,333.6260059407552,0.6476568684883711,0.0
