,total_loss,avg_loss,correlation,p
0,433143.1591796875,433.1431591796875,0.6147977076229663,5.2784763313452336e-105
