,total_loss,avg_loss,correlation,p
0,359674.54040527344,359.67454040527343,0.6787812275389149,5.4418364356275e-136
