,total_loss,avg_loss,correlation,p
0,206395.90307617188,206.39590307617186,0.07454132093077401,0.018396681643869643
