,total_loss,avg_loss,correlation,p
0,503433.0559082031,503.43305590820313,0.506787555276617,2.3341658036541682e-66
