,total_loss,avg_loss,correlation,p
0,584672.1215820312,584.6721215820312,0.43971968717047827,1.5569202004571713e-48
