,total_loss,avg_loss,correlation,p
0,1260421.136291504,420.14037876383463,0.5239525620230154,3.278789362955799e-211
