,total_loss,avg_loss,correlation,p
0,551948.6091308594,551.9486091308594,0.4824469802828672,1.992832056697262e-59
