,total_loss,avg_loss,correlation,p
0,1294501.0773925781,431.50035913085935,0.5142059267573094,3.4757028853989376e-202
