,total_loss,avg_loss,correlation,p
0,506453.10986328125,506.45310986328127,0.5066695416620702,2.529915617131584e-66
