,total_loss,avg_loss,correlation,p
0,202019.40991210938,202.01940991210938,0.05683547618223139,0.07241504226407494
