,total_loss,avg_loss,correlation,p
0,986229.2551879883,328.7430850626628,0.6572374708037161,0.0
