,total_loss,avg_loss,correlation,p
0,329154.43103027344,329.15443103027343,0.7070759461069737,2.2766598192447986e-152
