,total_loss,avg_loss,correlation,p
0,453333.86328125,453.33386328125,0.600655188910106,4.366617591050204e-99
