,total_loss,avg_loss,correlation,p
0,325197.66455078125,325.19766455078127,0.7151000922583614,2.2355934847994193e-157
