,total_loss,avg_loss,correlation,p
0,202154.80004882812,202.15480004882812,0.1533099002859138,1.1112297980915951e-06
