,total_loss,avg_loss,correlation,p
0,980613.776184082,326.8712587280273,0.6539083641812884,0.0
