,total_loss,avg_loss,correlation,p
0,207697.7314453125,207.6977314453125,0.15115175625626065,1.5750358237107904e-06
