,total_loss,avg_loss,correlation,p
0,449304.5515136719,449.30455151367187,0.6029301136136147,5.107756019594635e-100
