,total_loss,avg_loss,correlation,p
0,855813.6862792969,285.2712287597656,0.7060976057589285,0.0
