,total_loss,avg_loss,correlation,p
0,170932.41015625,170.93241015625,0.29703693745065474,8.08384132773935e-22
