,total_loss,avg_loss,correlation,p
0,905948.3560791016,301.98278535970053,0.6901255209418073,0.0
