,total_loss,avg_loss,correlation,p
0,166812.0923461914,166.8120923461914,0.34409885014871006,3.5640060937097606e-29
