,total_loss,avg_loss,correlation,p
0,418767.6184082031,418.76761840820313,0.6308207488991341,4.4037059438490495e-112
