,total_loss,avg_loss,correlation,p
0,338544.2419433594,338.5442419433594,0.7148426149469524,3.256698455926728e-157
