,total_loss,avg_loss,correlation,p
0,949443.3913574219,316.48113045247396,0.6703480077362314,0.0
