,total_loss,avg_loss,correlation,p
0,400591.9794921875,400.5919794921875,0.6524252366235141,2.5882641607506916e-122
