,total_loss,avg_loss,correlation,p
0,426279.9765625,426.2799765625,0.6300757801901968,9.597896884906342e-112
