,total_loss,avg_loss,correlation,p
0,354413.87939453125,354.41387939453125,0.6980611075207326,6.084582405319113e-147
