,total_loss,avg_loss,correlation,p
0,939760.7406005859,313.2535802001953,0.6785541370610404,0.0
