,total_loss,avg_loss,correlation,p
0,164717.07647705078,164.71707647705077,0.3697858959352068,9.244411583326239e-34
