,total_loss,avg_loss,correlation,p
0,344188.6767578125,344.1886767578125,0.7083748950592474,3.615838631687001e-153
