,total_loss,avg_loss,correlation,p
0,176261.84301757812,176.26184301757812,0.2510011624875217,7.83509895496908e-16
