,total_loss,avg_loss,correlation,p
0,400419.92578125,400.41992578125,0.6488118110140351,1.5217262575155867e-120
