,total_loss,avg_loss,correlation,p
0,292030.0676269531,292.0300676269531,0.7572452850283564,7.811549084052886e-187
