,total_loss,avg_loss,correlation,p
0,398262.32904052734,398.26232904052733,0.6432267558275291,7.414578901102848e-118
