,total_loss,avg_loss,correlation,p
0,461641.58203125,461.64158203125,0.6002923964945001,6.138604583635014e-99
