,total_loss,avg_loss,correlation,p
0,179810.1484375,179.8101484375,0.22577161094137094,5.045480301131411e-13
