,total_loss,avg_loss,correlation,p
0,988168.6841430664,329.38956138102213,0.6496098543637632,0.0
