,total_loss,avg_loss,correlation,p
0,184735.39416503906,184.73539416503905,0.21015359905199965,1.914155858339837e-11
