,total_loss,avg_loss,correlation,p
0,431842.87841796875,431.84287841796873,0.614880825982149,4.862254700037116e-105
