,total_loss,avg_loss,correlation,p
0,376515.6697998047,376.5156697998047,0.6610953726711902,1.1668249867180085e-126
