,total_loss,avg_loss,correlation,p
0,1044639.2928466797,348.2130976155599,0.6354883373258955,0.0
