,total_loss,avg_loss,correlation,p
0,328982.48486328125,328.98248486328123,0.7067943761645101,3.38793489849288e-152
