,total_loss,avg_loss,correlation,p
0,416235.400390625,416.235400390625,0.6428219746375541,1.1553224247541256e-117
