,total_loss,avg_loss,correlation,p
0,365513.0994873047,365.5130994873047,0.6789023844252993,4.672538490183163e-136
