,total_loss,avg_loss,correlation,p
0,960896.7075195312,320.29890250651044,0.66883056104706,0.0
