,total_loss,avg_loss,correlation,p
0,173054.4393310547,173.05443933105468,0.27952547822093077,2.0891926465560746e-19
