,total_loss,avg_loss,correlation,p
0,386607.70068359375,386.60770068359375,0.6621874565916599,3.2304346472811558e-127
