,total_loss,avg_loss,correlation,p
0,888644.6416625977,296.2148805541992,0.6896289685683579,0.0
