,total_loss,avg_loss,correlation,p
0,179148.18713378906,179.14818713378907,0.24828459312519408,1.6296835244876708e-15
