,total_loss,avg_loss,correlation,p
0,968845.5900878906,322.9485300292969,0.6563503572832644,0.0
