,total_loss,avg_loss,correlation,p
0,177787.65771484375,177.78765771484376,0.22513595915480408,5.88197785313993e-13
