,total_loss,avg_loss,correlation,p
0,388713.9375,388.7139375,0.6452465764157064,8.027337894858006e-119
