,total_loss,avg_loss,correlation,p
0,401551.99462890625,401.55199462890624,0.6460414211586256,3.3312671112645386e-119
