,total_loss,avg_loss,correlation,p
0,385470.3681640625,385.4703681640625,0.6464676382689443,2.0764466360767865e-119
