,total_loss,avg_loss,correlation,p
0,402290.68115234375,402.2906811523437,0.6457681708434884,4.508669001808058e-119
