,total_loss,avg_loss,correlation,p
0,177840.3624267578,177.84036242675782,0.2246068174093384,6.680790824700394e-13
