,total_loss,avg_loss,correlation,p
0,964810.5888671875,321.60352962239585,0.6571083647373124,0.0
