,total_loss,avg_loss,correlation,p
0,354440.7823486328,354.4407823486328,0.6830583317113279,2.3960088358632373e-138
