,total_loss,avg_loss,correlation,p
0,962632.1165161133,320.8773721720378,0.66194331699163,0.0
