,total_loss,avg_loss,correlation,p
0,183200.62176513672,183.20062176513673,0.21010057006724595,1.9370243522279365e-11
