,total_loss,avg_loss,correlation,p
0,952739.0194091797,317.57967313639324,0.6641965509963987,0.0
