,total_loss,avg_loss,correlation,p
0,352030.76501464844,352.0307650146484,0.6843950136767367,4.313019887718063e-139
