,total_loss,avg_loss,correlation,p
0,181946.54724121094,181.94654724121094,0.21133232635627114,1.468847436070318e-11
