,total_loss,avg_loss,correlation,p
0,424990.70458984375,424.99070458984374,0.624888644299268,2.0545272736820396e-109
