,total_loss,avg_loss,correlation,p
0,418761.6982421875,418.7616982421875,0.6288697463292062,3.3727875750485745e-111
