,total_loss,avg_loss,correlation,p
0,485794.0993652344,485.7940993652344,0.5126121994826439,4.214939617030859e-68
