,total_loss,avg_loss,correlation,p
0,583486.470703125,583.486470703125,0.4376024251412687,4.929550870414654e-48
