,total_loss,avg_loss,correlation,p
0,1219715.9400024414,406.5719800008138,0.5329137116412197,8.990693064280767e-220
