,total_loss,avg_loss,correlation,p
0,198662.77014160156,198.66277014160156,0.07860136058614675,0.01290674940169132
