,total_loss,avg_loss,correlation,p
0,540660.8979492188,540.6608979492188,0.47990769263485866,9.792254395170095e-59
