,total_loss,avg_loss,correlation,p
0,506465.6016845703,506.4656016845703,0.49617334592855544,2.8812186552715393e-63
