,total_loss,avg_loss,correlation,p
0,193260.94049072266,193.26094049072265,0.09850461095511902,0.0018166268052228253
