,total_loss,avg_loss,correlation,p
0,1288614.837524414,429.5382791748047,0.5114601168500714,1.0741030572160297e-199
