,total_loss,avg_loss,correlation,p
0,188461.9561767578,188.4619561767578,0.205487981974434,5.377084088999594e-11
