,total_loss,avg_loss,correlation,p
0,347371.2755126953,347.3712755126953,0.6925184645530075,1.0501235426227096e-143
