,total_loss,avg_loss,correlation,p
0,971222.5378417969,323.7408459472656,0.6625671534167287,0.0
