,total_loss,avg_loss,correlation,p
0,424116.2653808594,424.1162653808594,0.6205880007766301,1.628653325355992e-107
