,total_loss,avg_loss,correlation,p
0,337038.69775390625,337.03869775390626,0.6996700372607534,6.77014718386416e-148
