,total_loss,avg_loss,correlation,p
0,435787.572265625,435.787572265625,0.6199384017148926,3.1341340858436745e-107
