,total_loss,avg_loss,correlation,p
0,188063.67877197266,188.06367877197266,0.22026862938968245,1.87501269183724e-12
