,total_loss,avg_loss,correlation,p
0,949616.9082641602,316.5389694213867,0.6643957793732506,0.0
