,total_loss,avg_loss,correlation,p
0,269707.7341308594,269.70773413085936,0.17277265184918883,3.838740459793411e-08
