,total_loss,avg_loss,correlation,p
0,771208.10546875,771.20810546875,0.5215879821912512,7.434639959402648e-71
