,total_loss,avg_loss,correlation,p
0,373529.23791503906,373.52923791503906,0.09312561000029387,0.003202360178583073
