,total_loss,avg_loss,correlation,p
0,323985.78063964844,323.98578063964845,0.13290960059577941,2.481969022664162e-05
