,total_loss,avg_loss,correlation,p
0,895803.3994140625,895.8033994140625,0.4405740942589853,9.755986863588975e-49
