,total_loss,avg_loss,correlation,p
0,820551.197265625,820.551197265625,0.4500294109349398,5.055375097669979e-51
