,total_loss,avg_loss,correlation,p
0,206112.9122314453,206.1129122314453,0.14049631964757156,8.216509874423138e-06
