,total_loss,avg_loss,correlation,p
0,806401.5244140625,806.4015244140625,0.4848696781866049,4.3088398409769924e-60
