,total_loss,avg_loss,correlation,p
0,830180.873046875,830.180873046875,0.41951548788890075,6.713718792427366e-44
