,total_loss,avg_loss,correlation,p
0,521008.6325683594,521.0086325683594,0.08398392397616682,0.007879765362743414
