,total_loss,avg_loss,correlation,p
0,817519.697265625,817.519697265625,0.4256071887656378,2.900967498911868e-45
