,total_loss,avg_loss,correlation,p
0,485687.5617675781,485.68756176757813,0.06020953074184074,0.056996437111351786
