,total_loss,avg_loss,correlation,p
0,322277.3837890625,322.2773837890625,0.08003111406008885,0.011351024454094484
