,total_loss,avg_loss,correlation,p
0,957991.42578125,957.99142578125,0.3700295791190143,8.324051283304214e-34
