,total_loss,avg_loss,correlation,p
0,171889.80102539062,171.88980102539062,0.12258962874713046,0.00010172371487356181
