,total_loss,avg_loss,correlation,p
0,771369.3447265625,771.3693447265625,0.4755938139251795,1.4198350571520924e-57
