,total_loss,avg_loss,correlation,p
0,746328.4018554688,746.3284018554688,0.43561984675849624,1.4398112804313778e-47
