,total_loss,avg_loss,correlation,p
0,760292.6826171875,760.2926826171876,0.44548331371436817,6.480687454426721e-50
