,total_loss,avg_loss,correlation,p
0,397214.99182128906,397.21499182128906,0.16088839504089927,3.1419099457269516e-07
