,total_loss,avg_loss,correlation,p
0,383318.4227294922,383.31842272949217,0.1526910199948457,1.2287376057070573e-06
