,total_loss,avg_loss,correlation,p
0,452672.1970214844,452.67219702148435,0.13924221502016765,9.903803286889602e-06
