,total_loss,avg_loss,correlation,p
0,857871.0112304688,857.8710112304688,0.41507113155090375,6.3806308153696505e-43
