,total_loss,avg_loss,correlation,p
0,540167.4458007812,540.1674458007813,0.11107993991690955,0.00043291794968126646
