,total_loss,avg_loss,correlation,p
0,880954.3701171875,880.9543701171875,0.44344066123665665,2.013576968193447e-49
