,total_loss,avg_loss,correlation,p
0,525287.8927001953,525.2878927001954,0.08703624207749122,0.005885143215529531
