,total_loss,avg_loss,correlation,p
0,791763.7314453125,791.7637314453125,0.42651216614974724,1.8090382216371817e-45
