,total_loss,avg_loss,correlation,p
0,547269.0363769531,547.2690363769532,0.07880889329152915,0.012669839633050127
