,total_loss,avg_loss,correlation,p
0,838558.900390625,838.558900390625,0.37865970676488514,1.914140199362074e-35
