,total_loss,avg_loss,correlation,p
0,173519.64404296875,173.51964404296876,0.3090478542051418,1.4241751284610118e-23
