,total_loss,avg_loss,correlation,p
0,409689.7333984375,409.6897333984375,0.6396143925174634,3.7913490354675324e-116
