,total_loss,avg_loss,correlation,p
0,276238.5693359375,276.2385693359375,0.7679316044894503,2.7815697890337447e-195
