,total_loss,avg_loss,correlation,p
0,287138.40087890625,287.1384008789062,0.7611295682483239,7.471202381189109e-190
