,total_loss,avg_loss,correlation,p
0,870347.798828125,290.11593294270835,0.7041734769662081,0.0
