,total_loss,avg_loss,correlation,p
0,335251.8518066406,335.2518518066406,0.7222504404633687,5.473597403016113e-162
