,total_loss,avg_loss,correlation,p
0,438996.49169921875,438.9964916992187,0.6178998055711491,2.420802874604439e-106
