,total_loss,avg_loss,correlation,p
0,351865.6989746094,351.86569897460936,0.7037347835291127,2.4697928727689687e-150
