,total_loss,avg_loss,correlation,p
0,982939.2869873047,327.64642899576825,0.6642378862515421,0.0
