,total_loss,avg_loss,correlation,p
0,447269.857421875,447.269857421875,0.6045788083697681,1.0669346439032664e-100
