,total_loss,avg_loss,correlation,p
0,190907.98950195312,190.90798950195312,0.23013567255088316,1.738092889046818e-13
