,total_loss,avg_loss,correlation,p
0,972801.623840332,324.2672079467773,0.6661089863220906,0.0
