,total_loss,avg_loss,correlation,p
0,190279.90747070312,190.27990747070314,0.1776659877470248,1.546507831425854e-08
