,total_loss,avg_loss,correlation,p
0,397966.98974609375,397.96698974609376,0.6495136501544939,6.927374736898068e-121
