,total_loss,avg_loss,correlation,p
0,841797.4548339844,280.5991516113281,0.7106873705379266,0.0
