,total_loss,avg_loss,correlation,p
0,169043.8569946289,169.0438569946289,0.3263312409515018,3.041878249999973e-26
