,total_loss,avg_loss,correlation,p
0,183471.58074951172,183.47158074951173,0.22430072790674932,7.190448307508754e-13
