,total_loss,avg_loss,correlation,p
0,208286.79711914062,208.28679711914063,0.14650712804007637,3.2826507736989068e-06
