,total_loss,avg_loss,correlation,p
0,1022906.4410400391,340.968813680013,0.6416862708891286,0.0
