,total_loss,avg_loss,correlation,p
0,929454.2720947266,309.8180906982422,0.6750925881923066,0.0
