,total_loss,avg_loss,correlation,p
0,346845.3817138672,346.8453817138672,0.6907725528474369,1.0609752200976054e-142
