,total_loss,avg_loss,correlation,p
0,438718.75341796875,438.71875341796874,0.6144015321146175,7.805198028106261e-105
