,total_loss,avg_loss,correlation,p
0,375900.8899536133,375.9008899536133,0.6641402229921991,3.2067586132272783e-128
