,total_loss,avg_loss,correlation,p
0,399137.30859375,399.13730859375,0.6523266227720995,2.8947931983788895e-122
