,total_loss,avg_loss,correlation,p
0,387225.2165527344,387.22521655273437,0.6672926068216929,7.421198086323378e-130
