,total_loss,avg_loss,correlation,p
0,336840.1296386719,336.8401296386719,0.7223356676929309,4.813238565539193e-162
