,total_loss,avg_loss,correlation,p
0,390646.31201171875,390.64631201171875,0.666396996423556,2.1736805089865037e-129
