,total_loss,avg_loss,correlation,p
0,897560.6109619141,299.18687032063804,0.6940010588636669,0.0
