,total_loss,avg_loss,correlation,p
0,173495.2642211914,173.4952642211914,0.27406697842124256,1.0902696282471813e-18
