,total_loss,avg_loss,correlation,p
0,376291.0173339844,376.29101733398437,0.6734554904712042,4.112962219955864e-133
