,total_loss,avg_loss,correlation,p
0,959141.4971923828,319.7138323974609,0.6714334564816675,0.0
