,total_loss,avg_loss,correlation,p
0,192204.19439697266,192.20419439697267,0.22025732712995355,1.880007903494861e-12
