,total_loss,avg_loss,correlation,p
0,443569.1630859375,443.5691630859375,0.6160511374659972,1.5256533409246396e-105
