,total_loss,avg_loss,correlation,p
0,951320.6127929688,317.1068709309896,0.6628375467611458,0.0
