,total_loss,avg_loss,correlation,p
0,368043.2745361328,368.0432745361328,0.6648873393692138,1.3189829048607194e-128
