,total_loss,avg_loss,correlation,p
0,416182.7255859375,416.1827255859375,0.6339167476909402,1.6891672018607393e-113
