,total_loss,avg_loss,correlation,p
0,178873.65435791016,178.87365435791017,0.21654578128395846,4.468846449074588e-12
