,total_loss,avg_loss,correlation,p
0,186786.37396240234,186.78637396240234,0.16108287266861826,3.039294442942895e-07
