,total_loss,avg_loss,correlation,p
0,396490.6286621094,396.4906286621094,0.6507960675905651,1.6358183826146405e-121
