,total_loss,avg_loss,correlation,p
0,1038626.1423950195,346.20871413167316,0.6382184091759198,0.0
