,total_loss,avg_loss,correlation,p
0,346222.3635864258,346.2223635864258,0.6949119611484698,4.2900560027331126e-145
