,total_loss,avg_loss,correlation,p
0,441872.419921875,441.872419921875,0.6065733691257231,1.5850179934474146e-101
