,total_loss,avg_loss,correlation,p
0,1010904.7403564453,336.96824678548177,0.6475765982313733,0.0
