,total_loss,avg_loss,correlation,p
0,213954.81567382812,213.95481567382814,0.14766357224365254,2.739789378470432e-06
