,total_loss,avg_loss,correlation,p
0,985104.2239379883,328.3680746459961,0.6566589619493843,0.0
