,total_loss,avg_loss,correlation,p
0,338867.48571777344,338.86748571777343,0.706638658265977,4.22008186656252e-152
