,total_loss,avg_loss,correlation,p
0,450727.5341796875,450.7275341796875,0.603619337339842,2.6570926573824133e-100
