,total_loss,avg_loss,correlation,p
0,204364.27514648438,204.36427514648437,0.12753275034467632,5.245261296183887e-05
