,total_loss,avg_loss,correlation,p
0,198320.87176513672,198.32087176513673,0.12634850371793915,6.16095241532759e-05
