,total_loss,avg_loss,correlation,p
0,531524.6845703125,531.5246845703125,0.48805532578574756,5.6445684926910756e-61
