,total_loss,avg_loss,correlation,p
0,202833.5440673828,202.8335440673828,0.03729089944677013,0.23872617791384781
