,total_loss,avg_loss,correlation,p
0,1232253.4389648438,410.75114632161456,0.5290708574393463,4.539273036223058e-216
