,total_loss,avg_loss,correlation,p
0,571255.9621582031,571.2559621582031,0.4671695651700455,2.3596445756481856e-55
