,total_loss,avg_loss,correlation,p
0,653251.6499023438,653.2516499023437,0.3900332639611107,1.112033140851182e-37
