,total_loss,avg_loss,correlation,p
0,497895.2091064453,497.8952091064453,0.5098519004947448,2.8521282931604577e-67
