,total_loss,avg_loss,correlation,p
0,1422828.4631347656,474.2761543782552,0.47823080772878956,2.6740267036405266e-171
