,total_loss,avg_loss,correlation,p
0,329565.5686035156,329.5655686035156,0.7066195871213259,4.335095661042475e-152
