,total_loss,avg_loss,correlation,p
0,993466.1762695312,331.15539208984376,0.6556410743432628,0.0
