,total_loss,avg_loss,correlation,p
0,437351.17529296875,437.3511752929688,0.6153584082816214,3.0316069994132095e-105
