,total_loss,avg_loss,correlation,p
0,947844.8325805664,315.94827752685546,0.6646513886785879,0.0
