,total_loss,avg_loss,correlation,p
0,343892.9743652344,343.89297436523435,0.7013597167060789,6.640496184762477e-149
