,total_loss,avg_loss,correlation,p
0,212222.00927734375,212.22200927734374,0.1740760100987539,3.020692040038336e-08
