,total_loss,avg_loss,correlation,p
0,190500.62518310547,190.50062518310546,0.22929339523515654,2.1386625857004645e-13
