,total_loss,avg_loss,correlation,p
0,427778.63525390625,427.77863525390626,0.6150369498414774,4.166843076370687e-105
