,total_loss,avg_loss,correlation,p
0,238793.38024902344,238.79338024902344,0.20744003899419747,3.5006866551438706e-11
