,total_loss,avg_loss,correlation,p
0,904038.7236328125,904.0387236328125,0.40948917764485826,1.0289820965746013e-41
