,total_loss,avg_loss,correlation,p
0,530000.8868408203,530.0008868408203,0.06958598393500329,0.027777285295001005
