,total_loss,avg_loss,correlation,p
0,872572.666015625,872.572666015625,0.5448994136501608,2.0975936686113253e-78
