,total_loss,avg_loss,correlation,p
0,792004.1484375,792.0041484375,0.40674001676766197,3.9698558086475553e-41
