,total_loss,avg_loss,correlation,p
0,447953.80310058594,447.95380310058596,0.07170911580975957,0.023345969033623
