,total_loss,avg_loss,correlation,p
0,412326.69384765625,412.32669384765626,0.1538691694278511,1.0143905115159339e-06
