,total_loss,avg_loss,correlation,p
0,802046.9609375,802.0469609375,0.4948690552541173,6.792080402005323e-63
