,total_loss,avg_loss,correlation,p
0,516596.7414550781,516.5967414550781,0.10395987895896744,0.0009936703132367548
