,total_loss,avg_loss,correlation,p
0,619193.58984375,619.19358984375,0.11917348180708777,0.00015850474492974326
