,total_loss,avg_loss,correlation,p
0,836041.7607421875,836.0417607421875,0.406636651307002,4.1755596507572726e-41
