,total_loss,avg_loss,correlation,p
0,908691.208984375,908.691208984375,0.3981071867036071,2.539470493372714e-39
