,total_loss,avg_loss,correlation,p
0,1050385.5341796875,1050.3855341796875,0.41790520983376384,1.5239607852793941e-43
