,total_loss,avg_loss,correlation,p
0,1000345.1240234375,1000.3451240234375,0.39921903845445084,1.49666731985458e-39
