,total_loss,avg_loss,correlation,p
0,325963.84967041016,325.9638496704102,0.13014229996699359,3.661219818161371e-05
