,total_loss,avg_loss,correlation,p
0,363675.4979248047,363.6754979248047,0.10001326303260048,0.0015418769915818327
