,total_loss,avg_loss,correlation,p
0,646458.0,646.458,0.11811274719409928,0.00018148027906540173
