,total_loss,avg_loss,correlation,p
0,940406.6137695312,940.4066137695313,0.37322003708714657,2.091319855376726e-34
