,total_loss,avg_loss,correlation,p
0,986483.3510742188,986.4833510742187,0.46576290056606806,5.465552118749675e-55
