,total_loss,avg_loss,correlation,p
0,458719.8585205078,458.7198585205078,0.09963575642587436,0.001606790060375223
