,total_loss,avg_loss,correlation,p
0,642248.0270996094,642.2480270996094,0.13251254259783024,2.6255864565843666e-05
