,total_loss,avg_loss,correlation,p
0,1009013.2856445312,1009.0132856445313,0.40858102683355557,1.6095831395457926e-41
