,total_loss,avg_loss,correlation,p
0,981148.79296875,981.14879296875,0.41768376000126173,1.705226448638554e-43
