,total_loss,avg_loss,correlation,p
0,669928.9360351562,669.9289360351562,0.12974823447976047,3.8671847774229855e-05
