,total_loss,avg_loss,correlation,p
0,860275.701171875,860.275701171875,0.42618692131017966,2.1440251527409643e-45
