,total_loss,avg_loss,correlation,p
0,831817.58203125,831.81758203125,0.4440515607916991,1.4357293194642973e-49
