,total_loss,avg_loss,correlation,p
0,614123.083984375,614.123083984375,0.07541324711779719,0.017070267891318328
