,total_loss,avg_loss,correlation,p
0,574296.3145751953,574.2963145751953,0.09137316207997455,0.0038290686013606632
