,total_loss,avg_loss,correlation,p
0,935820.677734375,935.820677734375,0.4664038545392144,3.729304266315275e-55
