,total_loss,avg_loss,correlation,p
0,891926.5546875,891.9265546875,0.39595455747254893,7.027825062281459e-39
