,total_loss,avg_loss,correlation,p
0,807551.1005859375,807.5511005859375,0.4950370234476473,6.083192340385751e-63
