,total_loss,avg_loss,correlation,p
0,382800.6968078613,382.8006968078613,0.09706444749305308,0.0021201318644167634
