,total_loss,avg_loss,correlation,p
0,406425.0440673828,406.4250440673828,0.08786035401017503,0.005431012006735353
