,total_loss,avg_loss,correlation,p
0,993939.767578125,993.939767578125,0.4530666457105854,8.998913197866924e-52
