,total_loss,avg_loss,correlation,p
0,305717.34826660156,305.71734826660156,0.14263499124382534,5.953228661535904e-06
