,total_loss,avg_loss,correlation,p
0,350706.10888671875,350.70610888671877,0.09360953510828693,0.003046573032902999
