,total_loss,avg_loss,correlation,p
0,882785.18359375,882.78518359375,0.4032905404379671,2.1222165732123334e-40
