,total_loss,avg_loss,correlation,p
0,618727.3435058594,618.7273435058594,0.13655948461499703,1.4688800985582427e-05
