,total_loss,avg_loss,correlation,p
0,932173.2744140625,932.1732744140625,0.42402512188088803,6.60070524455893e-45
