,total_loss,avg_loss,correlation,p
0,643359.2446289062,643.3592446289063,0.10279929096831562,0.0011324832820519758
