,total_loss,avg_loss,correlation,p
0,848883.9189453125,848.8839189453125,0.4538326227872119,5.807036341133288e-52
