,total_loss,avg_loss,correlation,p
0,270856.5554199219,270.85655541992185,0.057151540941564695,0.07083923213603062
