,total_loss,avg_loss,correlation,p
0,388232.2478027344,388.2322478027344,0.04187042461624059,0.18584095021899408
