,total_loss,avg_loss,correlation,p
0,958916.3530273438,958.9163530273438,0.43010569553965694,2.73439993350466e-46
