,total_loss,avg_loss,correlation,p
0,740384.3515625,740.3843515625,0.4284190277888494,6.656527485485142e-46
