,total_loss,avg_loss,correlation,p
0,908421.5844726562,908.4215844726563,0.38609691330896123,6.759868568389276e-37
