,total_loss,avg_loss,correlation,p
0,440071.6848144531,440.07168481445314,0.10445754254237692,0.0009391117343916884
