,total_loss,avg_loss,correlation,p
0,319822.0632324219,319.8220632324219,0.12260785647675781,0.00010148011024042884
