,total_loss,avg_loss,correlation,p
0,1028306.8271484375,1028.3068271484376,0.45265248636404487,1.1398497320016154e-51
