,total_loss,avg_loss,correlation,p
0,660203.5180664062,660.2035180664062,0.13409227117905276,2.0971043509854526e-05
