,total_loss,avg_loss,correlation,p
0,951797.7373046875,951.7977373046875,0.4483180466959882,1.3267136975211528e-50
