,total_loss,avg_loss,correlation,p
0,625047.9360351562,625.0479360351562,0.11575658848039067,0.00024416450998933934
