,total_loss,avg_loss,correlation,p
0,596264.0698242188,596.2640698242187,0.11558768390075431,0.0002493607911679461
