,total_loss,avg_loss,correlation,p
0,585501.0771484375,585.5010771484375,0.12478213144984215,7.60574040103837e-05
