,total_loss,avg_loss,correlation,p
0,899914.6220703125,899.9146220703125,0.3969425376458458,4.408879636329156e-39
