,total_loss,avg_loss,correlation,p
0,853018.177734375,853.018177734375,0.43219305215517423,9.029168981236335e-47
