,total_loss,avg_loss,correlation,p
0,832922.3813476562,832.9223813476563,0.46818148945617877,1.2863876586750215e-55
