,total_loss,avg_loss,correlation,p
0,675767.0307617188,675.7670307617187,0.5133005136215273,2.6093735820451007e-68
