,total_loss,avg_loss,correlation,p
0,177634.74557495117,177.63474557495118,0.1487450186501985,2.310788480146421e-06
