,total_loss,avg_loss,correlation,p
0,926443.6630859375,926.4436630859375,0.36000448235238713,5.781060296388935e-32
