,total_loss,avg_loss,correlation,p
0,306139.9020996094,306.1399020996094,0.13595112385803554,1.6045909541178067e-05
