,total_loss,avg_loss,correlation,p
0,206364.77124023438,206.36477124023438,0.1942961201108262,5.805122247632446e-10
