,total_loss,avg_loss,correlation,p
0,861707.6196289062,861.7076196289063,0.3409423923205249,1.2211223658683414e-28
