,total_loss,avg_loss,correlation,p
0,360749.3942260742,360.74939422607423,0.10335473634083894,0.0010639558024367662
