,total_loss,avg_loss,correlation,p
0,291681.5662841797,291.68156628417967,0.09652617439937386,0.0022450151439012077
