,total_loss,avg_loss,correlation,p
0,700870.728515625,700.870728515625,0.43528668091801037,1.7227742878864696e-47
