,total_loss,avg_loss,correlation,p
0,806370.716796875,806.370716796875,0.3879152116810589,2.945761189344691e-37
