,total_loss,avg_loss,correlation,p
0,443004.3515625,443.0043515625,0.06782190932253329,0.031992505307249904
