,total_loss,avg_loss,correlation,p
0,282193.20666503906,282.19320666503904,0.07492723537330537,0.01779888733923832
