,total_loss,avg_loss,correlation,p
0,909152.21875,909.15221875,0.3711354375671771,5.166036527747037e-34
