,total_loss,avg_loss,correlation,p
0,186791.42993164062,186.79142993164064,0.1477796163323741,2.6903346739345736e-06
