,total_loss,avg_loss,correlation,p
0,818288.9599609375,818.2889599609375,0.4652048530093804,7.618692867254387e-55
