,total_loss,avg_loss,correlation,p
0,684351.8588867188,684.3518588867188,0.45194388908664795,1.7067098212626424e-51
