,total_loss,avg_loss,correlation,p
0,308914.255859375,308.914255859375,0.12780437498266078,5.05420592706741e-05
