,total_loss,avg_loss,correlation,p
0,307986.39904785156,307.98639904785153,0.16220902442984206,2.5056917619871475e-07
