,total_loss,avg_loss,correlation,p
0,805886.7973632812,805.8867973632813,0.3941601754744568,1.6324441160358632e-38
