,total_loss,avg_loss,correlation,p
0,387827.3371582031,387.82733715820314,0.11560363327803481,0.0002488657222920549
