,total_loss,avg_loss,correlation,p
0,833283.7446289062,833.2837446289062,0.4502013708768037,4.586878104095137e-51
