,total_loss,avg_loss,correlation,p
0,432224.01623535156,432.22401623535154,0.14012551785807972,8.684464511179221e-06
