,total_loss,avg_loss,correlation,p
0,830318.9130859375,830.3189130859375,0.44268662475576837,3.0540062562384177e-49
