,total_loss,avg_loss,correlation,p
0,422094.3447265625,422.0943447265625,0.1014559746260647,0.0013153951341846866
