,total_loss,avg_loss,correlation,p
0,786808.3779296875,786.8083779296875,0.39410889040059155,1.672115569030179e-38
