,total_loss,avg_loss,correlation,p
0,383574.53125,383.57453125,0.12389455024968979,8.560790601896922e-05
