,total_loss,avg_loss,correlation,p
0,768755.8876953125,768.7558876953125,0.4320091339625129,9.95825646379738e-47
