,total_loss,avg_loss,correlation,p
0,897581.221862793,299.193740620931,0.6935437479766462,0.0
