,total_loss,avg_loss,correlation,p
0,315001.71337890625,315.00171337890623,0.7395054358599829,9.749194399172123e-174
