,total_loss,avg_loss,correlation,p
0,421278.4287109375,421.2784287109375,0.6271743045052762,1.955364239588688e-110
