,total_loss,avg_loss,correlation,p
0,318990.59326171875,318.99059326171874,0.7370589820159581,5.142556566158644e-172
