,total_loss,avg_loss,correlation,p
0,861774.8337402344,287.25827791341146,0.7115892129572895,0.0
