,total_loss,avg_loss,correlation,p
0,408156.98974609375,408.15698974609376,0.6422959422818136,2.0539154965313786e-117
