,total_loss,avg_loss,correlation,p
0,401813.20654296875,401.81320654296877,0.6588299520472549,1.6464098693204713e-125
