,total_loss,avg_loss,correlation,p
0,169915.5860595703,169.9155860595703,0.3665665997635027,3.663598688633599e-33
