,total_loss,avg_loss,correlation,p
0,412972.28564453125,412.97228564453127,0.6331731540211093,3.709160646764803e-113
