,total_loss,avg_loss,correlation,p
0,291452.0078125,291.4520078125,0.7610642422307481,8.40711954860703e-190
