,total_loss,avg_loss,correlation,p
0,186250.5648803711,186.2505648803711,0.24598861544366987,3.005715938613227e-15
