,total_loss,avg_loss,correlation,p
0,319327.2775878906,319.32727758789065,0.7435164716141414,1.3271083200422182e-176
