,total_loss,avg_loss,correlation,p
0,924542.3684692383,308.1807894897461,0.6848708768544067,0.0
