,total_loss,avg_loss,correlation,p
0,170096.9364013672,170.09693640136717,0.31984895327502066,3.2008266260087995e-25
