,total_loss,avg_loss,correlation,p
0,908761.5249633789,302.9205083211263,0.6882527934422782,0.0
