,total_loss,avg_loss,correlation,p
0,180787.51538085938,180.78751538085936,0.24554360398681863,3.3818987382188726e-15
