,total_loss,avg_loss,correlation,p
0,440362.7705078125,440.3627705078125,0.6347580181288235,6.9193585870507e-114
