,total_loss,avg_loss,correlation,p
0,228079.91943359375,228.07991943359374,0.15236361729574954,1.2956393866821924e-06
