,total_loss,avg_loss,correlation,p
0,226039.9334716797,226.0399334716797,0.09237129188865384,0.0034596917446379403
