,total_loss,avg_loss,correlation,p
0,382452.9714355469,382.4529714355469,0.6494307205730907,7.603250985343663e-121
