,total_loss,avg_loss,correlation,p
0,389439.0092163086,389.4390092163086,0.658294917473156,3.065987338758379e-125
