,total_loss,avg_loss,correlation,p
0,438820.25341796875,438.82025341796873,0.6125907389492461,4.6319219715006644e-104
