,total_loss,avg_loss,correlation,p
0,1047313.1494140625,349.1043831380208,0.6272703365653973,0.0
