,total_loss,avg_loss,correlation,p
0,1057881.6938476562,352.6272312825521,0.6490673876244983,0.0
