,total_loss,avg_loss,correlation,p
0,950847.3764648438,316.94912548828125,0.6734103848032639,0.0
