,total_loss,avg_loss,correlation,p
0,200241.69262695312,200.24169262695312,0.16746998709180458,9.990007561562014e-08
