,total_loss,avg_loss,correlation,p
0,343859.294921875,343.859294921875,0.7153789462222251,1.4867510358441802e-157
