,total_loss,avg_loss,correlation,p
0,392532.85888671875,392.53285888671877,0.6702035652963338,2.1988435190333201e-131
