,total_loss,avg_loss,correlation,p
0,360280.4816894531,360.2804816894531,0.6869758550621825,1.5328708164197234e-140
