,total_loss,avg_loss,correlation,p
0,390325.1943359375,390.3251943359375,0.6632102411687566,9.655418810870665e-128
