,total_loss,avg_loss,correlation,p
0,179922.701171875,179.922701171875,0.24544881915773828,3.46781123221078e-15
