,total_loss,avg_loss,correlation,p
0,916314.8467407227,305.43828224690753,0.690055097509545,0.0
