,total_loss,avg_loss,correlation,p
0,948462.8955688477,316.1542985229492,0.6753589877093208,0.0
