,total_loss,avg_loss,correlation,p
0,397146.57177734375,397.14657177734375,0.6532680980949415,9.926581799852251e-123
