,total_loss,avg_loss,correlation,p
0,182030.04888916016,182.03004888916016,0.24837373985365388,1.5912060582627433e-15
