,total_loss,avg_loss,correlation,p
0,369533.6765136719,369.5336765136719,0.6830767722176112,2.3401400683419664e-138
