,total_loss,avg_loss,correlation,p
0,945232.9024658203,315.0776341552734,0.6729471743470433,0.0
