,total_loss,avg_loss,correlation,p
0,396898.58935546875,396.89858935546874,0.6552605419346729,1.0176486665531842e-123
