,total_loss,avg_loss,correlation,p
0,181371.7681274414,181.3717681274414,0.2334258699540283,7.670450443566824e-14
