,total_loss,avg_loss,correlation,p
0,366714.0625,366.7140625,0.6798060877771528,1.4955998452574798e-136
