,total_loss,avg_loss,correlation,p
0,358720.00341796875,358.72000341796877,0.6785296060020539,7.46644416280144e-136
