,total_loss,avg_loss,correlation,p
0,193364.00561523438,193.36400561523436,0.18735416335345173,2.3697648135238664e-09
