,total_loss,avg_loss,correlation,p
0,425722.65966796875,425.72265966796874,0.620945131574962,1.1356635533195113e-107
