,total_loss,avg_loss,correlation,p
0,434785.740234375,434.785740234375,0.6136528508700814,1.632112622420711e-104
