,total_loss,avg_loss,correlation,p
0,1001991.0979003906,333.99703263346356,0.6476694175841768,0.0
