,total_loss,avg_loss,correlation,p
0,200745.87475585938,200.74587475585938,0.17714952183695087,1.7043132785855038e-08
