,total_loss,avg_loss,correlation,p
0,366459.4599609375,366.4594599609375,0.6736618176800655,3.189823537898178e-133
