,total_loss,avg_loss,correlation,p
0,977806.6832275391,325.93556107584635,0.6545576709940858,0.0
