,total_loss,avg_loss,correlation,p
0,1291427.7185058594,430.4759061686198,0.5172241547719081,5.991562714036285e-205
