,total_loss,avg_loss,correlation,p
0,202731.5112915039,202.7315112915039,0.10357645320962217,0.0010376875503525923
