,total_loss,avg_loss,correlation,p
0,1235807.0322265625,411.9356774088542,0.5322049627589126,4.36901250914011e-219
