,total_loss,avg_loss,correlation,p
0,575755.7680664062,575.7557680664063,0.44948307975060336,6.883050548745549e-51
