,total_loss,avg_loss,correlation,p
0,541658.4416503906,541.6584416503906,0.4723910517149906,1.0087674291211134e-56
