,total_loss,avg_loss,correlation,p
0,203044.4493408203,203.0444493408203,0.0914398752430968,0.003803306791616002
