,total_loss,avg_loss,correlation,p
0,512940.4501953125,512.9404501953125,0.5018794623947234,6.4741075209457665e-65
