,total_loss,avg_loss,correlation,p
0,977385.5302734375,325.7951767578125,0.6613459739223914,0.0
