,total_loss,avg_loss,correlation,p
0,422199.67236328125,422.19967236328125,0.6240902150860639,4.650898968427828e-109
