,total_loss,avg_loss,correlation,p
0,940859.0921020508,313.6196973673503,0.671538244639448,0.0
