,total_loss,avg_loss,correlation,p
0,336783.4289550781,336.78342895507814,0.7040278148482182,1.641712080377113e-150
