,total_loss,avg_loss,correlation,p
0,319115.958984375,319.115958984375,0.7204513337082532,8.16711148143773e-161
