,total_loss,avg_loss,correlation,p
0,441013.1481933594,441.01314819335937,0.614318645919316,8.470205753421584e-105
