,total_loss,avg_loss,correlation,p
0,199543.4755859375,199.5434755859375,0.1923512660919724,8.654888638768931e-10
