,total_loss,avg_loss,correlation,p
0,199588.9588623047,199.58895886230468,0.18934991369688808,1.5900624300245256e-09
