,total_loss,avg_loss,correlation,p
0,435016.4443359375,435.0164443359375,0.6240215738337004,4.98876712456755e-109
