,total_loss,avg_loss,correlation,p
0,938763.7641601562,312.9212547200521,0.6798809371686478,0.0
