,total_loss,avg_loss,correlation,p
0,179755.80181884766,179.75580181884766,0.2245829539652308,6.719218070968156e-13
