,total_loss,avg_loss,correlation,p
0,884970.6806640625,294.99022688802086,0.6926689577787709,0.0
