,total_loss,avg_loss,correlation,p
0,265395.3073730469,265.3953073730469,0.7770503730536764,7.359870565143409e-203
