,total_loss,avg_loss,correlation,p
0,398783.3798828125,398.7833798828125,0.6490291742296381,1.1928506850915735e-120
