,total_loss,avg_loss,correlation,p
0,826812.2038574219,275.60406795247394,0.7182076887776816,0.0
