,total_loss,avg_loss,correlation,p
0,163303.51959228516,163.30351959228517,0.40940528801725595,1.072461659968487e-41
