,total_loss,avg_loss,correlation,p
0,166914.1156616211,166.91411566162108,0.38434221174394606,1.4993885839248717e-36
