,total_loss,avg_loss,correlation,p
0,327772.07177734375,327.77207177734374,0.7241195968929415,3.2277094844900036e-163
