,total_loss,avg_loss,correlation,p
0,293301.87109375,293.30187109375,0.745594550907548,4.1384776200534566e-178
