,total_loss,avg_loss,correlation,p
0,928717.2648925781,309.57242163085937,0.6796709219233339,0.0
