,total_loss,avg_loss,correlation,p
0,173522.20568847656,173.52220568847656,0.2911502955191466,5.4642384253631286e-21
