,total_loss,avg_loss,correlation,p
0,420900.8835449219,420.9008835449219,0.6292015335228399,2.3882130516399273e-111
