,total_loss,avg_loss,correlation,p
0,424754.65234375,424.75465234375,0.6205863931308706,1.6312970173028708e-107
