,total_loss,avg_loss,correlation,p
0,328060.5378417969,328.0605378417969,0.7234646296263942,8.726345737889731e-163
