,total_loss,avg_loss,correlation,p
0,937048.3950805664,312.34946502685546,0.6685845101088215,0.0
