,total_loss,avg_loss,correlation,p
0,181745.29418945312,181.74529418945312,0.20455237606784532,6.59523901853568e-11
