,total_loss,avg_loss,correlation,p
0,183610.54235839844,183.61054235839845,0.22638101829024196,4.3535474373037513e-13
