,total_loss,avg_loss,correlation,p
0,377559.87145996094,377.55987145996096,0.660253470958293,3.128804567004875e-126
