,total_loss,avg_loss,correlation,p
0,353460.0749511719,353.46007495117186,0.6812559512406333,2.384182464368865e-137
