,total_loss,avg_loss,correlation,p
0,454198.2607421875,454.1982607421875,0.6035385013550649,2.8690030207033516e-100
