,total_loss,avg_loss,correlation,p
0,401843.0485839844,401.8430485839844,0.6465176789954026,1.9642507553062962e-119
