,total_loss,avg_loss,correlation,p
0,1015368.6549072266,338.45621830240884,0.6439755225007392,0.0
