,total_loss,avg_loss,correlation,p
0,379520.2019042969,379.52020190429687,0.6714362668130405,4.894937395772609e-132
