,total_loss,avg_loss,correlation,p
0,958452.0440673828,319.4840146891276,0.6702293391782548,0.0
