,total_loss,avg_loss,correlation,p
0,381045.1975097656,381.0451975097656,0.6670031991008298,1.0506756007906928e-129
