,total_loss,avg_loss,correlation,p
0,329974.6037597656,329.9746037597656,0.7212593643398146,2.4323684588901355e-161
