,total_loss,avg_loss,correlation,p
0,173075.17907714844,173.07517907714845,0.2773470988494242,4.0576797988209904e-19
