,total_loss,avg_loss,correlation,p
0,179011.00134277344,179.01100134277343,0.25546621910502293,2.3064830832386436e-16
