,total_loss,avg_loss,correlation,p
0,398395.86083984375,398.39586083984375,0.6591117824269643,1.1859729172259042e-125
