,total_loss,avg_loss,correlation,p
0,882569.9812011719,294.18999373372395,0.6967427845979257,0.0
