,total_loss,avg_loss,correlation,p
0,179556.88555908203,179.55688555908202,0.20856485498394356,2.7284177381180296e-11
