,total_loss,avg_loss,correlation,p
0,421427.5712890625,421.4275712890625,0.6344674693240762,9.420400229974154e-114
