,total_loss,avg_loss,correlation,p
0,400276.28186035156,400.27628186035156,0.6453817398703601,6.913520699067017e-119
