,total_loss,avg_loss,correlation,p
0,377566.99279785156,377.5669927978516,0.6612591850241472,9.627063421824798e-127
