,total_loss,avg_loss,correlation,p
0,1001262.4297485352,333.75414324951174,0.6503675447521591,0.0
