,total_loss,avg_loss,correlation,p
0,178292.37329101562,178.29237329101562,0.22443342341511038,6.964986244138835e-13
