,total_loss,avg_loss,correlation,p
0,955256.8792724609,318.41895975748696,0.6651556956447393,0.0
