,total_loss,avg_loss,correlation,p
0,399396.04443359375,399.3960444335938,0.6522605513195316,3.12014976561683e-122
