,total_loss,avg_loss,correlation,p
0,184857.37731933594,184.85737731933594,0.1948619140608395,5.164327996550635e-10
