,total_loss,avg_loss,correlation,p
0,345017.4631347656,345.01746313476565,0.6920185903661433,2.039687755862442e-143
