,total_loss,avg_loss,correlation,p
0,1012115.4029541016,337.37180098470054,0.6460909821514111,0.0
