,total_loss,avg_loss,correlation,p
0,353130.9736328125,353.1309736328125,0.6878974599322181,4.6163444248659385e-141
