,total_loss,avg_loss,correlation,p
0,947731.5718383789,315.9105239461263,0.6644933513321719,0.0
