,total_loss,avg_loss,correlation,p
0,467007.4658203125,467.0074658203125,0.5886869641798919,2.6409406907744817e-94
