,total_loss,avg_loss,correlation,p
0,191976.92962646484,191.97692962646485,0.21329116704199558,9.426857667197248e-12
