,total_loss,avg_loss,correlation,p
0,417856.7373046875,417.8567373046875,0.6269694193927831,2.416244930843876e-110
