,total_loss,avg_loss,correlation,p
0,546323.7861328125,546.3237861328125,0.48215782397903384,2.390548888243215e-59
