,total_loss,avg_loss,correlation,p
0,1400711.330871582,466.903776957194,0.48184734561327724,3.066413369125965e-174
