,total_loss,avg_loss,correlation,p
0,1272774.9483032227,424.25831610107423,0.5158431426911508,1.1103446483505048e-203
