,total_loss,avg_loss,correlation,p
0,647521.53515625,647.52153515625,0.38948885035677194,1.4294196832868235e-37
