,total_loss,avg_loss,correlation,p
0,206866.0125732422,206.8660125732422,0.09680281489418664,0.002180015651515384
