,total_loss,avg_loss,correlation,p
0,208328.4571533203,208.3284571533203,0.02435035406436073,0.4417883796776842
