,total_loss,avg_loss,correlation,p
0,502259.14599609375,502.25914599609376,0.5031851220036936,2.6889970334849303e-65
