,total_loss,avg_loss,correlation,p
0,562187.3442382812,562.1873442382813,0.4473356706261889,2.3026770112546164e-50
