,total_loss,avg_loss,correlation,p
0,1003225.0354003906,334.40834513346357,0.6527547640461615,0.0
