,total_loss,avg_loss,correlation,p
0,417892.8024902344,417.8928024902344,0.6348967750586716,5.970617316576542e-114
