,total_loss,avg_loss,correlation,p
0,192003.39587402344,192.00339587402343,0.20685527448132046,3.9827537645043345e-11
