,total_loss,avg_loss,correlation,p
0,352960.1875,352.9601875,0.6871880496945741,1.1632494603196113e-140
