,total_loss,avg_loss,correlation,p
0,357257.3190917969,357.2573190917969,0.6857376502439567,7.633220808404735e-140
