,total_loss,avg_loss,correlation,p
0,971409.4606933594,323.8031535644531,0.6607966006888499,0.0
