,total_loss,avg_loss,correlation,p
0,453964.3059082031,453.96430590820313,0.6060540459707779,2.6074324953981087e-101
