,total_loss,avg_loss,correlation,p
0,200556.4757080078,200.5564757080078,0.15115495261737122,1.5742279609178867e-06
