,total_loss,avg_loss,correlation,p
0,979158.7900390625,979.1587900390625,0.5292655609465778,2.81620920377599e-73
