,total_loss,avg_loss,correlation,p
0,633651.2475585938,633.6512475585937,0.17836594668681635,1.3550792904982243e-08
