,total_loss,avg_loss,correlation,p
0,405458.0202636719,405.45802026367187,0.17949670769233733,1.093390457653563e-08
