,total_loss,avg_loss,correlation,p
0,989029.583984375,989.029583984375,0.4011544543289131,5.933835146963545e-40
