,total_loss,avg_loss,correlation,p
0,598344.7412109375,598.3447412109375,0.16421763694658986,1.7698887132188383e-07
