,total_loss,avg_loss,correlation,p
0,483317.9348144531,483.3179348144531,0.2224582994734944,1.1167504650524107e-12
