,total_loss,avg_loss,correlation,p
0,1019183.4296875,1019.1834296875,0.46987554711455354,4.637739891242604e-56
