,total_loss,avg_loss,correlation,p
0,929027.1142578125,929.0271142578125,0.29529779367593134,1.4283213640401103e-21
