,total_loss,avg_loss,correlation,p
0,883983.8408203125,883.9838408203125,0.40823063544232163,1.9121503109112184e-41
