,total_loss,avg_loss,correlation,p
0,724275.07421875,724.27507421875,0.4533308360490783,7.73804718119794e-52
