,total_loss,avg_loss,correlation,p
0,610081.9677734375,610.0819677734376,0.06015917228660338,0.05720471913194102
