,total_loss,avg_loss,correlation,p
0,457180.5847167969,457.1805847167969,0.049541152983766545,0.11743507250567481
