,total_loss,avg_loss,correlation,p
0,998859.5610351562,998.8595610351563,0.4227994253627588,1.244246099638746e-44
