,total_loss,avg_loss,correlation,p
0,1054879.3876953125,1054.8793876953125,0.3717752821479481,3.916670732381283e-34
