,total_loss,avg_loss,correlation,p
0,410754.14501953125,410.7541450195312,0.05518497520442493,0.08111571917732653
