,total_loss,avg_loss,correlation,p
0,339091.0897216797,339.0910897216797,0.09026056243830366,0.004282696851908201
