,total_loss,avg_loss,correlation,p
0,755301.98046875,755.30198046875,0.45608458495003,1.5916598115250436e-52
