,total_loss,avg_loss,correlation,p
0,535036.3876953125,535.0363876953126,0.155022045215226,8.39714536815059e-07
