,total_loss,avg_loss,correlation,p
0,524973.61328125,524.97361328125,0.16139584575131832,2.8809053198445817e-07
