,total_loss,avg_loss,correlation,p
0,863686.4365234375,863.6864365234375,0.3657649106669625,5.149654245686266e-33
