,total_loss,avg_loss,correlation,p
0,952043.3056640625,952.0433056640625,0.45331058739139485,7.828131374855072e-52
