,total_loss,avg_loss,correlation,p
0,516038.9324951172,516.0389324951171,0.15611413186564366,7.011848689924887e-07
