,total_loss,avg_loss,correlation,p
0,580115.4431152344,580.1154431152344,0.1458299905322918,3.6468373120560255e-06
