,total_loss,avg_loss,correlation,p
0,951726.279296875,951.726279296875,0.4068343856546749,3.7908588055506333e-41
