,total_loss,avg_loss,correlation,p
0,579998.1118164062,579.9981118164062,0.12342458799355134,9.111223478132336e-05
