,total_loss,avg_loss,correlation,p
0,533089.9426269531,533.0899426269531,0.14256212272707583,6.019408133249446e-06
