,total_loss,avg_loss,correlation,p
0,827584.208984375,827.584208984375,0.4594166344467094,2.303529227136775e-53
