,total_loss,avg_loss,correlation,p
0,844428.8486328125,844.4288486328124,0.43613572872251816,1.090125384454818e-47
