,total_loss,avg_loss,correlation,p
0,927637.560546875,927.637560546875,0.43879090133011617,2.5839043591412666e-48
