,total_loss,avg_loss,correlation,p
0,977266.41796875,977.26641796875,0.41734052617772766,2.0293631790898115e-43
