,total_loss,avg_loss,correlation,p
0,442477.01025390625,442.47701025390626,0.10236798938337843,0.0011884799659675378
