,total_loss,avg_loss,correlation,p
0,937098.4111328125,937.0984111328125,0.3062340170955492,3.73141872019562e-23
