,total_loss,avg_loss,correlation,p
0,360724.15979003906,360.72415979003904,0.20673196376326258,4.092394913285507e-11
