,total_loss,avg_loss,correlation,p
0,883722.7861328125,883.7227861328125,0.4892116558302919,2.684755803666361e-61
