,total_loss,avg_loss,correlation,p
0,393341.0166015625,393.3410166015625,0.16179653824073503,2.689709659018454e-07
