,total_loss,avg_loss,correlation,p
0,378040.66064453125,378.0406606445313,0.17527935012206208,2.417203952598085e-08
