,total_loss,avg_loss,correlation,p
0,610560.8149414062,610.5608149414063,0.1079015577776079,0.000631150132276608
