,total_loss,avg_loss,correlation,p
0,879586.2041015625,879.5862041015625,0.39835229163847424,2.2604744757694935e-39
