,total_loss,avg_loss,correlation,p
0,915035.158203125,915.035158203125,0.4077560311225701,2.413837795754986e-41
