,total_loss,avg_loss,correlation,p
0,615971.1455078125,615.9711455078125,0.1089553513909669,0.0005576012033078315
