,total_loss,avg_loss,correlation,p
0,312316.10876464844,312.31610876464845,0.13174769271873915,2.924764849189066e-05
