,total_loss,avg_loss,correlation,p
0,1013509.923828125,1013.509923828125,0.388876960477106,1.894403011939286e-37
