,total_loss,avg_loss,correlation,p
0,266896.9797973633,266.89697979736326,0.1679420032341831,9.185767513704666e-08
