,total_loss,avg_loss,correlation,p
0,1002517.61328125,1002.51761328125,0.42299514249252335,1.1246581224688354e-44
