,total_loss,avg_loss,correlation,p
0,769474.8369140625,769.4748369140625,0.4330059560355934,5.852341960098216e-47
