,total_loss,avg_loss,correlation,p
0,507941.9436035156,507.9419436035156,0.1611338142402679,3.0129539879553955e-07
