,total_loss,avg_loss,correlation,p
0,783588.9399414062,783.5889399414062,0.43111720636621387,1.599894887166084e-46
