,total_loss,avg_loss,correlation,p
0,508194.73779296875,508.19473779296874,0.16029366597917866,3.476862576768058e-07
