,total_loss,avg_loss,correlation,p
0,570706.58203125,570.70658203125,0.1616737018009794,2.7469825479987556e-07
