,total_loss,avg_loss,correlation,p
0,573540.2048339844,573.5402048339844,0.16720970522597794,1.046216975791445e-07
