,total_loss,avg_loss,correlation,p
0,895846.67578125,895.84667578125,0.45339033463970735,7.479264306821626e-52
