,total_loss,avg_loss,correlation,p
0,923260.158203125,923.260158203125,0.4519649143661961,1.6864125644315627e-51
