,total_loss,avg_loss,correlation,p
0,502304.5528564453,502.3045528564453,0.07444370197613374,0.018550649445199067
