,total_loss,avg_loss,correlation,p
0,810088.6518554688,810.0886518554687,0.4208556089385035,3.3822178048932466e-44
