,total_loss,avg_loss,correlation,p
0,612788.5473632812,612.7885473632813,0.09672726705175064,0.0021975932463139418
