,total_loss,avg_loss,correlation,p
0,820634.04296875,820.63404296875,0.4270751635092858,1.3475359205513091e-45
