,total_loss,avg_loss,correlation,p
0,169577.43725585938,169.57743725585937,0.32453948137438704,5.863517635334433e-26
