,total_loss,avg_loss,correlation,p
0,286805.8330078125,286.8058330078125,0.76674794831242,2.5254774047981056e-194
