,total_loss,avg_loss,correlation,p
0,313415.62341308594,313.41562341308594,0.7409928384248416,8.557873912564927e-175
