,total_loss,avg_loss,correlation,p
0,398520.07861328125,398.52007861328127,0.6488904444958588,1.3934461503359237e-120
