,total_loss,avg_loss,correlation,p
0,191778.6434326172,191.7786434326172,0.18853841310791752,1.8711282787778614e-09
