,total_loss,avg_loss,correlation,p
0,410888.4130859375,410.8884130859375,0.6356605641873578,2.647801366178259e-114
