,total_loss,avg_loss,correlation,p
0,171022.4931640625,171.0224931640625,0.30626603584431467,3.690962034733887e-23
