,total_loss,avg_loss,correlation,p
0,893881.5083007812,297.9605027669271,0.6918389452373401,0.0
