,total_loss,avg_loss,correlation,p
0,854197.5310668945,284.7325103556315,0.7078456367184964,0.0
