,total_loss,avg_loss,correlation,p
0,441730.6533203125,441.7306533203125,0.6067279185408474,1.366541009453684e-101
