,total_loss,avg_loss,correlation,p
0,937775.5211181641,312.5918403727214,0.6777842471320892,0.0
