,total_loss,avg_loss,correlation,p
0,186834.31958007812,186.83431958007813,0.17995420247994245,1.0020800657645587e-08
