,total_loss,avg_loss,correlation,p
0,332836.1452636719,332.8361452636719,0.7188444716052806,8.967000927616518e-160
