,total_loss,avg_loss,correlation,p
0,420157.19091796875,420.15719091796876,0.6339486752399726,1.6329929402139943e-113
