,total_loss,avg_loss,correlation,p
0,327461.22216796875,327.46122216796874,0.7201443179208851,1.2925649649405029e-160
