,total_loss,avg_loss,correlation,p
0,961401.14453125,320.4670481770833,0.6669958371640023,0.0
