,total_loss,avg_loss,correlation,p
0,185451.44134521484,185.45144134521485,0.2081388028051813,2.9990422927674206e-11
