,total_loss,avg_loss,correlation,p
0,947877.4683837891,315.9591561279297,0.6666434040260842,0.0
