,total_loss,avg_loss,correlation,p
0,407281.8515625,407.2818515625,0.6436814456250892,4.5016568792186545e-118
