,total_loss,avg_loss,correlation,p
0,355144.17950439453,355.1441795043945,0.682413301223594,5.462931209713515e-138
