,total_loss,avg_loss,correlation,p
0,388923.0665283203,388.9230665283203,0.6495601008943614,6.575321956651831e-121
