,total_loss,avg_loss,correlation,p
0,438683.15771484375,438.68315771484373,0.6176528845235529,3.097807235315382e-106
