,total_loss,avg_loss,correlation,p
0,1017392.7915649414,339.13093052164714,0.6430472581687794,0.0
