,total_loss,avg_loss,correlation,p
0,189786.5712890625,189.7865712890625,0.19184232601467507,9.601838152855424e-10
