,total_loss,avg_loss,correlation,p
0,391220.322265625,391.220322265625,0.6631370937164045,1.052811100824665e-127
