,total_loss,avg_loss,correlation,p
0,339081.76623535156,339.08176623535155,0.7013435939517074,6.789788063429761e-149
