,total_loss,avg_loss,correlation,p
0,364261.5487060547,364.26154870605467,0.6812557777609161,2.3847078774151336e-137
