,total_loss,avg_loss,correlation,p
0,187197.4697265625,187.1974697265625,0.226804468077139,3.928460383570644e-13
