,total_loss,avg_loss,correlation,p
0,177736.89868164062,177.73689868164064,0.25400501748414667,3.4506014728358824e-16
