,total_loss,avg_loss,correlation,p
0,908038.9790039062,302.67965966796874,0.6856056394716115,0.0
