,total_loss,avg_loss,correlation,p
0,962151.1557617188,320.71705192057294,0.6693456918134814,0.0
