,total_loss,avg_loss,correlation,p
0,410692.1376953125,410.6921376953125,0.6491508280806326,1.0407867960346632e-120
