,total_loss,avg_loss,correlation,p
0,948762.7387695312,316.25424625651044,0.6675240510685473,0.0
