,total_loss,avg_loss,correlation,p
0,392014.94372558594,392.01494372558597,0.6525554120838215,2.2326176747971193e-122
