,total_loss,avg_loss,correlation,p
0,394239.6552734375,394.2396552734375,0.6588718325220635,1.5681133050149603e-125
