,total_loss,avg_loss,correlation,p
0,177344.22912597656,177.34422912597657,0.23374302126872626,7.084174387784777e-14
