,total_loss,avg_loss,correlation,p
0,376121.88134765625,376.12188134765626,0.6654131576485258,7.047317144980602e-129
