,total_loss,avg_loss,correlation,p
0,178399.7540283203,178.3997540283203,0.22121281015103986,1.500565329548472e-12
