,total_loss,avg_loss,correlation,p
0,991911.6633300781,330.637221110026,0.653115477751246,0.0
