,total_loss,avg_loss,correlation,p
0,422551.4997558594,422.55149975585937,0.6322126370317301,1.0212895791219655e-112
