,total_loss,avg_loss,correlation,p
0,435933.8603515625,435.9338603515625,0.6139248758093732,1.2486717003604546e-104
