,total_loss,avg_loss,correlation,p
0,360164.9279785156,360.1649279785156,0.6831673604505893,2.0839869894799105e-138
