,total_loss,avg_loss,correlation,p
0,443542.2822265625,443.5422822265625,0.612255596883399,6.432029267381406e-104
