,total_loss,avg_loss,correlation,p
0,196177.68688964844,196.17768688964844,0.18294046413183196,5.6401258531253555e-09
