,total_loss,avg_loss,correlation,p
0,208985.68481445312,208.98568481445312,0.16170902965019396,2.7303914435861753e-07
