,total_loss,avg_loss,correlation,p
0,975269.5813598633,325.08986045328777,0.6580571679770708,0.0
