,total_loss,avg_loss,correlation,p
0,343158.0109863281,343.1580109863281,0.6968078532748891,3.331579501591257e-146
