,total_loss,avg_loss,correlation,p
0,1012692.9189453125,337.56430631510415,0.6479471125863085,0.0
