,total_loss,avg_loss,correlation,p
0,195244.66333007812,195.2446633300781,0.10583359110916087,0.0008023466183054096
