,total_loss,avg_loss,correlation,p
0,605826.7534179688,605.8267534179688,0.4244670836733595,5.2485317761194266e-45
