,total_loss,avg_loss,correlation,p
0,530570.8432617188,530.5708432617188,0.47809045376439235,3.0348163732026906e-58
