,total_loss,avg_loss,correlation,p
0,1256640.5412597656,418.8801804199219,0.5129580460782893,4.73691989330964e-201
