,total_loss,avg_loss,correlation,p
0,1327408.4285888672,442.46947619628907,0.5065720172791481,2.556951118409736e-195
