,total_loss,avg_loss,correlation,p
0,529860.3110351562,529.8603110351562,0.48680580321296363,1.255969592809394e-60
