,total_loss,avg_loss,correlation,p
0,526337.0101318359,526.3370101318359,0.49389450273751323,1.2859581732010878e-62
