,total_loss,avg_loss,correlation,p
0,196209.38598632812,196.20938598632813,0.0624426447201774,0.04837415483550692
