,total_loss,avg_loss,correlation,p
0,187540.77783203125,187.54077783203124,0.21643132500531184,4.5886383611558145e-12
