,total_loss,avg_loss,correlation,p
0,975130.1096191406,325.04336987304686,0.6607167325924829,0.0
