,total_loss,avg_loss,correlation,p
0,427993.6259765625,427.9936259765625,0.6170477784609057,5.663682820923597e-106
