,total_loss,avg_loss,correlation,p
0,340436.51208496094,340.43651208496095,0.7006798196876096,1.6936238948621775e-148
