,total_loss,avg_loss,correlation,p
0,336955.05712890625,336.9550571289063,0.6998384885116375,5.3750848304246664e-148
