,total_loss,avg_loss,correlation,p
0,206814.3243408203,206.81432434082032,0.18877945954525588,1.7829476924277234e-09
