,total_loss,avg_loss,correlation,p
0,427879.265625,427.879265625,0.6248345076504622,2.1717161393115166e-109
