,total_loss,avg_loss,correlation,p
0,952489.4650878906,317.4964883626302,0.6620476133381896,0.0
