,total_loss,avg_loss,correlation,p
0,396552.76208496094,396.55276208496093,0.08721765046737488,0.005782341415607325
