,total_loss,avg_loss,correlation,p
0,313195.1823730469,313.19518237304686,0.07816431905182242,0.0134184907353798
