,total_loss,avg_loss,correlation,p
0,285157.42303466797,285.15742303466794,0.15975663586464312,3.808685000659083e-07
