,total_loss,avg_loss,correlation,p
0,1035276.701171875,1035.276701171875,0.4366336229077818,8.330334227295782e-48
