,total_loss,avg_loss,correlation,p
0,995015.6396484375,995.0156396484375,0.4662554667500789,4.074660776615815e-55
