,total_loss,avg_loss,correlation,p
0,457763.71875,457.76371875,0.10056770635664597,0.0014509022818682297
