,total_loss,avg_loss,correlation,p
0,929610.724609375,929.610724609375,0.4112358924811863,4.3350671826068986e-42
