,total_loss,avg_loss,correlation,p
0,905381.9306640625,905.3819306640625,0.5288414767764269,3.846393030401697e-73
