,total_loss,avg_loss,correlation,p
0,653534.7639160156,653.5347639160157,0.09155982426597427,0.0037573827939157947
