,total_loss,avg_loss,correlation,p
0,619228.7607421875,619.2287607421875,0.13725506582142238,1.3271082721006274e-05
