,total_loss,avg_loss,correlation,p
0,860334.8647460938,860.3348647460938,0.4398854785309385,1.4220731848627995e-48
