,total_loss,avg_loss,correlation,p
0,917890.5439453125,917.8905439453125,0.43090068217497685,1.7946709445269523e-46
