,total_loss,avg_loss,correlation,p
0,265931.60400390625,265.9316040039063,0.08012517791036389,0.011254760113994167
