,total_loss,avg_loss,correlation,p
0,383948.58349609375,383.94858349609376,0.09190945879680656,0.0036263776386121
