,total_loss,avg_loss,correlation,p
0,858119.2431640625,858.1192431640625,0.45306254557307496,9.020010761627741e-52
