,total_loss,avg_loss,correlation,p
0,994373.0849609375,994.3730849609375,0.4069042099376118,3.6635982207590515e-41
