,total_loss,avg_loss,correlation,p
0,314548.71826171875,314.54871826171876,0.13766499958766232,1.2497650387600934e-05
