,total_loss,avg_loss,correlation,p
0,437384.1239013672,437.38412390136716,0.09771294174465077,0.001978137652370968
