,total_loss,avg_loss,correlation,p
0,733944.7666015625,733.9447666015625,0.4336839933475657,4.072508856567481e-47
