,total_loss,avg_loss,correlation,p
0,936400.236328125,936.400236328125,0.38089529373037057,7.070341502658061e-36
