,total_loss,avg_loss,correlation,p
0,967744.955078125,967.744955078125,0.44572019429818655,5.679468018455489e-50
