,total_loss,avg_loss,correlation,p
0,635953.6938476562,635.9536938476563,0.12469562296978555,7.694201289295981e-05
