,total_loss,avg_loss,correlation,p
0,649808.1452636719,649.8081452636719,0.128895302364574,4.351207037037154e-05
