,total_loss,avg_loss,correlation,p
0,1027211.57421875,1027.21157421875,0.4597975955878913,1.844265489455316e-53
