,total_loss,avg_loss,correlation,p
0,888393.193359375,888.393193359375,0.4030639118320923,2.3676675011586575e-40
