,total_loss,avg_loss,correlation,p
0,918534.5239257812,918.5345239257813,0.41993323122024906,5.423618483170239e-44
