,total_loss,avg_loss,correlation,p
0,597771.375,597.771375,0.1375838553770759,1.2647254356607983e-05
