,total_loss,avg_loss,correlation,p
0,460242.0411376953,460.2420411376953,0.12571875078496803,6.70749668498645e-05
