,total_loss,avg_loss,correlation,p
0,818816.263671875,818.816263671875,0.3741287487923677,1.4070781693596067e-34
