,total_loss,avg_loss,correlation,p
0,775763.8134765625,775.7638134765625,0.5193608490475448,3.6491046957908646e-70
