,total_loss,avg_loss,correlation,p
0,757436.234375,757.436234375,0.3326370417673169,2.9159977300458905e-27
