,total_loss,avg_loss,correlation,p
0,184954.01733398438,184.95401733398438,0.1836087454565652,4.952877295477219e-09
