,total_loss,avg_loss,correlation,p
0,189469.20239257812,189.46920239257813,0.15301393962388304,1.166009778752726e-06
