,total_loss,avg_loss,correlation,p
0,329412.87341308594,329.41287341308595,0.11728694709387945,0.0002014937740277242
