,total_loss,avg_loss,correlation,p
0,343017.19384765625,343.01719384765624,0.10265679374789193,0.0011507087364506852
