,total_loss,avg_loss,correlation,p
0,783856.1958007812,783.8561958007813,0.42066961683984555,3.720554469051669e-44
