,total_loss,avg_loss,correlation,p
0,424905.25634765625,424.90525634765623,0.13100712856039723,3.2450662520823456e-05
