,total_loss,avg_loss,correlation,p
0,330699.6925048828,330.6996925048828,0.13651290689561366,1.4788714646345002e-05
