,total_loss,avg_loss,correlation,p
0,727020.21484375,727.02021484375,0.3936148580270874,2.106810265569599e-38
