,total_loss,avg_loss,correlation,p
0,808488.7158203125,808.4887158203124,0.38424489029813935,1.5669011561660813e-36
