,total_loss,avg_loss,correlation,p
0,938986.587890625,938.986587890625,0.35295617004499485,1.0424172463162571e-30
