,total_loss,avg_loss,correlation,p
0,941661.2260742188,941.6612260742188,0.42167969899952273,2.2152741761127826e-44
