,total_loss,avg_loss,correlation,p
0,220109.79638671875,220.10979638671876,0.13071472228058753,3.380475586671505e-05
