,total_loss,avg_loss,correlation,p
0,287701.68359375,287.70168359375,0.09864866560651042,0.0017885729153765489
