,total_loss,avg_loss,correlation,p
0,851124.267578125,851.124267578125,0.36356050608392665,1.3068309395642867e-32
