,total_loss,avg_loss,correlation,p
0,293359.7717285156,293.3597717285156,0.1448966210629777,4.212723474425504e-06
