,total_loss,avg_loss,correlation,p
0,327897.4375,327.8974375,0.08597822753144826,0.006518155355475751
