,total_loss,avg_loss,correlation,p
0,742916.9501953125,742.9169501953126,0.432259627459598,8.7145339646336305e-47
