,total_loss,avg_loss,correlation,p
0,852287.2299804688,852.2872299804687,0.4188292149908349,9.526328046472534e-44
