,total_loss,avg_loss,correlation,p
0,427446.9775390625,427.4469775390625,0.14873048744106093,2.316100547059994e-06
