,total_loss,avg_loss,correlation,p
0,833912.173828125,833.912173828125,0.42677816008550185,1.5741522593514737e-45
