,total_loss,avg_loss,correlation,p
0,404314.94091796875,404.3149409179687,0.13337653607630237,2.3226222731815726e-05
