,total_loss,avg_loss,correlation,p
0,368914.43017578125,368.91443017578126,0.1271701426274912,5.510980549382315e-05
