,total_loss,avg_loss,correlation,p
0,794365.2587890625,794.3652587890625,0.40302825107913987,2.4087766112566678e-40
