,total_loss,avg_loss,correlation,p
0,756970.5986328125,756.9705986328125,0.41593958605121845,4.12030386795862e-43
