,total_loss,avg_loss,correlation,p
0,446128.6394042969,446.12863940429685,0.1145030808924815,0.0002852758692590342
