,total_loss,avg_loss,correlation,p
0,873149.3282470703,291.04977608235674,0.6975588754319321,0.0
