,total_loss,avg_loss,correlation,p
0,397951.8740234375,397.9518740234375,0.6501324718191772,3.4552075433410443e-121
