,total_loss,avg_loss,correlation,p
0,307457.90673828125,307.4579067382812,0.7347259170237457,2.166157050149735e-170
