,total_loss,avg_loss,correlation,p
0,166950.32421875,166.95032421875,0.34059304029985926,1.3982164365275646e-28
