,total_loss,avg_loss,correlation,p
0,447984.052734375,447.984052734375,0.6089918326103444,1.5417556636703395e-102
