,total_loss,avg_loss,correlation,p
0,277058.5272216797,277.0585272216797,0.7611903792338988,6.6936280285111e-190
