,total_loss,avg_loss,correlation,p
0,934042.7255859375,311.3475751953125,0.683882042784483,0.0
