,total_loss,avg_loss,correlation,p
0,355002.78466796875,355.00278466796874,0.699883401658858,5.054221966144556e-148
