,total_loss,avg_loss,correlation,p
0,823842.0686035156,274.6140228678385,0.7174588818774492,0.0
