,total_loss,avg_loss,correlation,p
0,167739.50750732422,167.73950750732422,0.33919242798418514,2.4022660001833272e-28
