,total_loss,avg_loss,correlation,p
0,380878.50341796875,380.8785034179688,0.6712597445876513,6.072548481606137e-132
