,total_loss,avg_loss,correlation,p
0,328246.46826171875,328.24646826171875,0.723629278881039,6.797778544673968e-163
