,total_loss,avg_loss,correlation,p
0,202134.19018554688,202.13419018554688,0.1471618158199416,2.9638298418034667e-06
