,total_loss,avg_loss,correlation,p
0,193004.1767578125,193.0041767578125,0.18170947708936908,7.156304066234845e-09
