,total_loss,avg_loss,correlation,p
0,411960.1728515625,411.9601728515625,0.6476064524837826,5.8504614829830624e-120
