,total_loss,avg_loss,correlation,p
0,1005121.0407714844,335.0403469238281,0.6565435938955291,0.0
