,total_loss,avg_loss,correlation,p
0,468265.9216308594,468.2659216308594,0.5944133378083034,1.4420931463295385e-96
