,total_loss,avg_loss,correlation,p
0,1097431.4296875,365.8104765625,0.617807891296872,2.478503464e-315
