,total_loss,avg_loss,correlation,p
0,1055999.0092773438,351.99966975911457,0.6389774098573373,0.0
