,total_loss,avg_loss,correlation,p
0,432599.2633666992,432.59926336669923,0.6145908428651968,6.475001913747949e-105
