,total_loss,avg_loss,correlation,p
0,196566.28674316406,196.56628674316406,0.16034028229716957,3.449411380849497e-07
