,total_loss,avg_loss,correlation,p
0,429479.13134765625,429.4791313476563,0.6338983522711543,1.7224027273514989e-113
