,total_loss,avg_loss,correlation,p
0,413006.3020019531,413.00630200195315,0.6354943566574832,3.160934359436156e-114
