,total_loss,avg_loss,correlation,p
0,213513.56884765625,213.51356884765624,0.12273885835987244,9.974544236531898e-05
