,total_loss,avg_loss,correlation,p
0,900670.3311767578,300.2234437255859,0.6858042737336807,0.0
