,total_loss,avg_loss,correlation,p
0,988598.3530273438,329.53278434244794,0.662376272529321,0.0
