,total_loss,avg_loss,correlation,p
0,404713.91943359375,404.71391943359373,0.6575719907410171,7.08847903870095e-125
