,total_loss,avg_loss,correlation,p
0,394725.06640625,394.72506640625,0.6564565470288196,2.5715132447587305e-124
