,total_loss,avg_loss,correlation,p
0,334092.69537353516,334.09269537353515,0.7021121165113915,2.348951133837073e-149
