,total_loss,avg_loss,correlation,p
0,401610.7814941406,401.6107814941406,0.6528353523203588,1.624269530053199e-122
