,total_loss,avg_loss,correlation,p
0,182273.64587402344,182.27364587402343,0.2518709585471938,6.185859071164006e-16
