,total_loss,avg_loss,correlation,p
0,171852.5411376953,171.8525411376953,0.3153084414366142,1.6086050416806889e-24
