,total_loss,avg_loss,correlation,p
0,452245.8369140625,452.2458369140625,0.6079476149464246,4.227116925617442e-102
