,total_loss,avg_loss,correlation,p
0,947683.9224243164,315.89464080810546,0.6641580623293903,0.0
