,total_loss,avg_loss,correlation,p
0,368987.0827636719,368.9870827636719,0.6650033786049949,1.1487184575260327e-128
