,total_loss,avg_loss,correlation,p
0,400326.447265625,400.326447265625,0.6465806309958759,1.831649248977731e-119
