,total_loss,avg_loss,correlation,p
0,178370.29376220703,178.37029376220704,0.2234481031625319,8.819572490642661e-13
