,total_loss,avg_loss,correlation,p
0,460110.5197753906,460.1105197753906,0.6019862062782927,1.2468368350800848e-99
