,total_loss,avg_loss,correlation,p
0,1093501.5430908203,364.5005143636068,0.6202889005565626,1.413324e-318
