,total_loss,avg_loss,correlation,p
0,181146.79760742188,181.1467976074219,0.19663444735771302,3.571796004182985e-10
