,total_loss,avg_loss,correlation,p
0,354135.80615234375,354.1358061523438,0.6900979418713657,2.581720896540517e-142
