,total_loss,avg_loss,correlation,p
0,450691.99658203125,450.69199658203127,0.6078985686523203,4.431779392818336e-102
