,total_loss,avg_loss,correlation,p
0,183879.20349121094,183.87920349121094,0.19444725521208017,5.626744838831834e-10
