,total_loss,avg_loss,correlation,p
0,353893.9558105469,353.89395581054686,0.680973996385159,3.410256120332101e-137
