,total_loss,avg_loss,correlation,p
0,973934.71484375,324.64490494791664,0.6525880828531028,0.0
