,total_loss,avg_loss,correlation,p
0,201950.1815185547,201.9501815185547,0.1744032894060475,2.8434621783880342e-08
