,total_loss,avg_loss,correlation,p
0,436161.5595703125,436.1615595703125,0.609899695528453,6.395228481336711e-103
