,total_loss,avg_loss,correlation,p
0,1006777.98046875,335.59266015625,0.6510194603680353,0.0
