,total_loss,avg_loss,correlation,p
0,1364267.0837402344,454.7556945800781,0.49888344353136416,1.410158037322976e-188
