,total_loss,avg_loss,correlation,p
0,196258.58056640625,196.25858056640624,0.08558546951103596,0.006768283784292687
