,total_loss,avg_loss,correlation,p
0,641286.9208984375,641.2869208984375,0.4074950638073019,2.7433231854758547e-41
