,total_loss,avg_loss,correlation,p
0,519228.560546875,519.228560546875,0.5034854152481438,2.1958012821977208e-65
