,total_loss,avg_loss,correlation,p
0,522672.2102050781,522.6722102050782,0.5047326734016563,9.444062251197168e-66
