,total_loss,avg_loss,correlation,p
0,1201474.1599121094,400.49138663736977,0.5403178792818486,4.812530526950173e-227
