,total_loss,avg_loss,correlation,p
0,200307.95568847656,200.30795568847657,0.1262945466903268,6.206078463708207e-05
