,total_loss,avg_loss,correlation,p
0,485987.0126953125,485.9870126953125,0.5163010313819885,3.1850147746398605e-69
