,total_loss,avg_loss,correlation,p
0,973429.203125,324.4764010416667,0.6654842657074203,0.0
