,total_loss,avg_loss,correlation,p
0,342182.1179199219,342.1821179199219,0.6931348056847306,4.6230175839190433e-144
