,total_loss,avg_loss,correlation,p
0,441270.3798828125,441.2703798828125,0.618864505859889,9.217898018530638e-107
