,total_loss,avg_loss,correlation,p
0,202259.86767578125,202.25986767578124,0.18376336164112198,4.8058653774234645e-09
