,total_loss,avg_loss,correlation,p
0,185608.73205566406,185.60873205566406,0.19111976145469284,1.1121511171903056e-09
