,total_loss,avg_loss,correlation,p
0,410770.4401855469,410.7704401855469,0.6377644434454718,2.786057181474546e-115
