,total_loss,avg_loss,correlation,p
0,329898.962890625,329.898962890625,0.713835897214578,1.412084421346792e-156
