,total_loss,avg_loss,correlation,p
0,938561.2884521484,312.8537628173828,0.6688246786397241,0.0
