,total_loss,avg_loss,correlation,p
0,375037.4943847656,375.03749438476564,0.18163715837930713,7.256736211783363e-09
