,total_loss,avg_loss,correlation,p
0,423339.626953125,423.339626953125,0.17949463919027686,1.0938210951645363e-08
