,total_loss,avg_loss,correlation,p
0,375869.2263183594,375.8692263183594,0.18109927507651208,8.047881065890379e-09
