,total_loss,avg_loss,correlation,p
0,942969.96484375,942.96996484375,0.4260138762819443,2.346672303410074e-45
