,total_loss,avg_loss,correlation,p
0,944908.4052734375,944.9084052734376,0.4271188571119803,1.3170536730364121e-45
