,total_loss,avg_loss,correlation,p
0,391430.099609375,391.430099609375,0.15538305275689768,7.912398905158223e-07
