,total_loss,avg_loss,correlation,p
0,882101.568359375,882.101568359375,0.4971971779777431,1.4658894036433168e-63
