,total_loss,avg_loss,correlation,p
0,998773.86328125,998.77386328125,0.4727514074410783,8.098974175098863e-57
