,total_loss,avg_loss,correlation,p
0,569535.1826171875,569.5351826171875,0.08638217707958049,0.006269590026812543
