,total_loss,avg_loss,correlation,p
0,510621.14587402344,510.62114587402345,0.09184480072141062,0.003650287353490371
