,total_loss,avg_loss,correlation,p
0,776345.6640625,776.3456640625,0.44692545878656686,2.8972842823323364e-50
