,total_loss,avg_loss,correlation,p
0,814306.1630859375,814.3061630859376,0.4544989516775697,3.9634440187335875e-52
