,total_loss,avg_loss,correlation,p
0,286033.35888671875,286.03335888671876,0.13186749254420893,2.875857607616319e-05
