,total_loss,avg_loss,correlation,p
0,948791.2001953125,948.7912001953125,0.4290914893842653,4.671549106638625e-46
