,total_loss,avg_loss,correlation,p
0,959356.1982421875,959.3561982421875,0.4301554479939329,2.66336923820929e-46
