,total_loss,avg_loss,correlation,p
0,261809.07470703125,261.80907470703124,0.16213708514056546,2.5368862367836817e-07
