,total_loss,avg_loss,correlation,p
0,491601.17041015625,491.60117041015627,0.1400585799978618,8.771606390596933e-06
