,total_loss,avg_loss,correlation,p
0,780554.2915039062,780.5542915039063,0.4261488982346766,2.18700705364373e-45
