,total_loss,avg_loss,correlation,p
0,513869.3037109375,513.8693037109375,0.14998530911575808,1.8979982611532492e-06
