,total_loss,avg_loss,correlation,p
0,782394.34375,782.39434375,0.44648766375288884,3.7008947523900085e-50
