,total_loss,avg_loss,correlation,p
0,883124.8657226562,883.1248657226563,0.4698497369700557,4.710591924392018e-56
