,total_loss,avg_loss,correlation,p
0,577340.7338867188,577.3407338867188,0.1280210583517907,4.906537374950818e-05
