,total_loss,avg_loss,correlation,p
0,510209.169921875,510.209169921875,0.10926132843279152,0.0005377887353443018
