,total_loss,avg_loss,correlation,p
0,904213.6416015625,904.2136416015625,0.45512902239871417,2.7598083108030643e-52
