,total_loss,avg_loss,correlation,p
0,847894.9345703125,847.8949345703124,0.4055896055340925,6.958599867713009e-41
