,total_loss,avg_loss,correlation,p
0,592945.3015136719,592.9453015136719,0.12305535811444421,9.56691235008411e-05
