,total_loss,avg_loss,correlation,p
0,475792.9963378906,475.7929963378906,0.122731025976787,9.984836469407181e-05
