,total_loss,avg_loss,correlation,p
0,789263.576171875,789.263576171875,0.43065576843902686,2.043507878485851e-46
