,total_loss,avg_loss,correlation,p
0,179446.48181152344,179.44648181152343,0.2502249447962688,9.667508369467735e-16
