,total_loss,avg_loss,correlation,p
0,177246.34100341797,177.24634100341797,0.2469269724060614,2.3422130479460785e-15
