,total_loss,avg_loss,correlation,p
0,407453.06005859375,407.45306005859373,0.6397559118569744,3.2530067929822224e-116
