,total_loss,avg_loss,correlation,p
0,321733.14404296875,321.7331440429688,0.7308710656451195,9.602340769874282e-168
