,total_loss,avg_loss,correlation,p
0,169248.20025634766,169.24820025634764,0.31709355007231144,8.554953455417706e-25
