,total_loss,avg_loss,correlation,p
0,416647.8591308594,416.6478591308594,0.6318763254568854,1.454779240887683e-112
