,total_loss,avg_loss,correlation,p
0,404994.40869140625,404.99440869140625,0.6499785748037619,4.108366584656882e-121
