,total_loss,avg_loss,correlation,p
0,307880.36474609375,307.88036474609373,0.7417412980223519,2.4999264805422276e-175
