,total_loss,avg_loss,correlation,p
0,879546.7788696289,293.18225962320963,0.6983236912538033,0.0
