,total_loss,avg_loss,correlation,p
0,867000.6174316406,289.0002058105469,0.7187435155131761,0.0
