,total_loss,avg_loss,correlation,p
0,427860.40625,427.86040625,0.6318310343980881,1.5257183422064684e-112
