,total_loss,avg_loss,correlation,p
0,901774.6094360352,300.5915364786784,0.6888486256182496,0.0
