,total_loss,avg_loss,correlation,p
0,931103.140625,310.36771354166666,0.6835598372994783,0.0
