,total_loss,avg_loss,correlation,p
0,272627.68963623047,272.62768963623046,0.7769579082159991,8.820736764561407e-203
