,total_loss,avg_loss,correlation,p
0,302845.48974609375,302.84548974609373,0.7539000332946444,2.8035111827352964e-184
