,total_loss,avg_loss,correlation,p
0,189916.4774169922,189.9164774169922,0.42782421684701166,9.098865357338772e-46
