,total_loss,avg_loss,correlation,p
0,934050.4313964844,311.3501437988281,0.6721892265526697,0.0
