,total_loss,avg_loss,correlation,p
0,377840.6632080078,377.8406632080078,0.6601999429196115,3.330944628594587e-126
