,total_loss,avg_loss,correlation,p
0,402305.25634765625,402.30525634765627,0.6446296997775984,1.585720764320952e-118
