,total_loss,avg_loss,correlation,p
0,193849.18212890625,193.84918212890625,0.2087539927246187,2.6160715063757126e-11
