,total_loss,avg_loss,correlation,p
0,351970.1750488281,351.97017504882814,0.6875873717926108,6.916461294830023e-141
