,total_loss,avg_loss,correlation,p
0,1004289.7915039062,334.76326383463544,0.6482311376332495,0.0
