,total_loss,avg_loss,correlation,p
0,432599.966796875,432.599966796875,0.6224304545141025,2.5226185841240945e-108
