,total_loss,avg_loss,correlation,p
0,179775.01708984375,179.77501708984374,0.22888744817941983,2.3627919545377867e-13
