,total_loss,avg_loss,correlation,p
0,389214.9326171875,389.2149326171875,0.6611004136087535,1.1599429409382937e-126
