,total_loss,avg_loss,correlation,p
0,186668.1689453125,186.6681689453125,0.2280547638248127,2.8970138561269924e-13
