,total_loss,avg_loss,correlation,p
0,385486.6193847656,385.4866193847656,0.6655421510688486,6.041700057745205e-129
