,total_loss,avg_loss,correlation,p
0,404316.83935546875,404.31683935546874,0.6526188579740035,2.0773773057822137e-122
