,total_loss,avg_loss,correlation,p
0,177381.5408935547,177.3815408935547,0.2481032115365592,1.7108178757593585e-15
