,total_loss,avg_loss,correlation,p
0,334532.9831542969,334.53298315429686,0.7155871234053632,1.0960869303627849e-157
