,total_loss,avg_loss,correlation,p
0,976471.6109619141,325.49053698730467,0.6646252039847445,0.0
