,total_loss,avg_loss,correlation,p
0,901129.442199707,300.37648073323567,0.6880601123794674,0.0
