,total_loss,avg_loss,correlation,p
0,382845.4782714844,382.84547827148435,0.6787638562604171,5.562031608103544e-136
