,total_loss,avg_loss,correlation,p
0,410121.5546875,410.1215546875,0.6449892305413002,1.0665834798368065e-118
