,total_loss,avg_loss,correlation,p
0,189613.78161621094,189.61378161621093,0.21907665030337464,2.48036927834567e-12
