,total_loss,avg_loss,correlation,p
0,1035876.0552978516,345.29201843261717,0.6403347964575276,0.0
