,total_loss,avg_loss,correlation,p
0,182105.09356689453,182.10509356689454,0.1995505638424897,1.9327932100989855e-10
