,total_loss,avg_loss,correlation,p
0,982581.5342407227,327.5271780802409,0.6672276643868416,0.0
