,total_loss,avg_loss,correlation,p
0,445831.3225097656,445.83132250976564,0.6177271883527404,2.876320381212527e-106
