,total_loss,avg_loss,correlation,p
0,407939.2814941406,407.93928149414063,0.6415573217632706,4.59853185408406e-117
