,total_loss,avg_loss,correlation,p
0,189798.60650634766,189.79860650634765,0.19042580690892813,1.2800114757612002e-09
