,total_loss,avg_loss,correlation,p
0,368170.2099609375,368.1702099609375,0.6760746251171783,1.607604811790846e-134
