,total_loss,avg_loss,correlation,p
0,1037830.8828125,345.9436276041667,0.6391663692371918,0.0
