,total_loss,avg_loss,correlation,p
0,965289.0451660156,321.76301505533854,0.6631536531508166,0.0
