,total_loss,avg_loss,correlation,p
0,418562.236328125,418.562236328125,0.6309972050750912,3.660478911166175e-112
