,total_loss,avg_loss,correlation,p
0,356928.1961669922,356.92819616699217,0.6851683138958404,1.5926394737070568e-139
