,total_loss,avg_loss,correlation,p
0,196528.3560180664,196.5283560180664,0.19619162040974653,3.917699794253199e-10
