,total_loss,avg_loss,correlation,p
0,473132.3076171875,473.1323076171875,0.5856136809675873,4.145914930375725e-93
