,total_loss,avg_loss,correlation,p
0,205082.0137939453,205.08201379394532,0.0444424343076866,0.1602208101502538
