,total_loss,avg_loss,correlation,p
0,609626.8984375,609.6268984375,0.433985790557251,3.46463435128394e-47
