,total_loss,avg_loss,correlation,p
0,490663.7763671875,490.6637763671875,0.51904262284936,4.576060491628785e-70
