,total_loss,avg_loss,correlation,p
0,558058.1948242188,558.0581948242187,0.45925087886679594,2.537307913335884e-53
