,total_loss,avg_loss,correlation,p
0,1253803.9856567383,417.93466188557943,0.5271054329122733,3.4088034387978644e-214
