,total_loss,avg_loss,correlation,p
0,544493.5930175781,544.4935930175782,0.49105621733366095,8.156999438388055e-62
