,total_loss,avg_loss,correlation,p
0,1360803.8424072266,453.60128080240884,0.5025523316482776,8.991079966960534e-192
