,total_loss,avg_loss,correlation,p
0,206683.3515625,206.6833515625,0.07467693636700795,0.018184638621461174
