,total_loss,avg_loss,correlation,p
0,1042869.775390625,347.6232584635417,0.643751034520841,0.0
