,total_loss,avg_loss,correlation,p
0,442823.0480957031,442.82304809570314,0.6093787039644648,1.0600243513337565e-102
