,total_loss,avg_loss,correlation,p
0,191010.57946777344,191.01057946777343,0.19008116590664506,1.372298705558208e-09
