,total_loss,avg_loss,correlation,p
0,475883.841796875,475.883841796875,0.5911519983891614,2.8396348993362183e-95
