,total_loss,avg_loss,correlation,p
0,964490.0751953125,321.49669173177085,0.6645424690537254,0.0
