,total_loss,avg_loss,correlation,p
0,330656.4523925781,330.6564523925781,0.7104205254514981,1.953404958518329e-154
