,total_loss,avg_loss,correlation,p
0,205821.72485351562,205.82172485351563,0.1623970602112823,2.425892708594653e-07
