,total_loss,avg_loss,correlation,p
0,361164.22314453125,361.16422314453126,0.6889697699157126,1.136059471287023e-141
