,total_loss,avg_loss,correlation,p
0,839863.4990234375,839.8634990234375,0.37420723021618874,1.3596551397905723e-34
