,total_loss,avg_loss,correlation,p
0,854360.8935546875,854.3608935546876,0.43433476295980167,2.873361496411402e-47
