,total_loss,avg_loss,correlation,p
0,386187.03942871094,386.18703942871093,0.12336900014664816,9.178493587252962e-05
