,total_loss,avg_loss,correlation,p
0,776018.830078125,776.018830078125,0.46095842400088843,9.349950102149594e-54
