,total_loss,avg_loss,correlation,p
0,830763.396484375,830.763396484375,0.4809633110953928,5.060098676597439e-59
