,total_loss,avg_loss,correlation,p
0,414785.97009277344,414.7859700927734,0.06102245580947558,0.05372044348900115
