,total_loss,avg_loss,correlation,p
0,290472.2528076172,290.47225280761717,0.16448238222848394,1.6900846174799365e-07
