,total_loss,avg_loss,correlation,p
0,255695.91381835938,255.69591381835937,0.1208608834301798,0.0001275048647734132
