,total_loss,avg_loss,correlation,p
0,851323.7915039062,851.3237915039062,0.4269972778799946,1.4036202352160806e-45
