,total_loss,avg_loss,correlation,p
0,870004.4389648438,870.0044389648438,0.4232911880693342,9.6512385224176e-45
