,total_loss,avg_loss,correlation,p
0,496042.9755859375,496.0429755859375,0.13124659744678382,3.138020135054207e-05
