,total_loss,avg_loss,correlation,p
0,611012.625,611.012625,0.1731727920681824,3.567124778594847e-08
