,total_loss,avg_loss,correlation,p
0,332302.85205078125,332.30285205078127,0.09887462969906097,0.0017453676919060256
