,total_loss,avg_loss,correlation,p
0,1024482.9296875,1024.4829296875,0.38538387671374386,9.349365418427771e-37
