,total_loss,avg_loss,correlation,p
0,1018304.5390625,1018.3045390625,0.41338380864829155,1.486945412189078e-42
