,total_loss,avg_loss,correlation,p
0,358578.0771484375,358.5780771484375,0.09040962046819807,0.004219224061732144
