,total_loss,avg_loss,correlation,p
0,746990.5537109375,746.9905537109375,0.4351669786145446,1.8374005993085124e-47
