,total_loss,avg_loss,correlation,p
0,469036.671875,469.036671875,0.12037462032920092,0.0001357967398300101
