,total_loss,avg_loss,correlation,p
0,461488.619140625,461.488619140625,0.13697323919928395,1.3829032960683871e-05
