,total_loss,avg_loss,correlation,p
0,868419.3950195312,868.4193950195313,0.3940364139345556,1.729816519906319e-38
