,total_loss,avg_loss,correlation,p
0,599724.0634765625,599.7240634765625,0.12771018156254088,5.1197012166568166e-05
