,total_loss,avg_loss,correlation,p
0,586091.6728515625,586.0916728515625,0.13000760936130965,3.7304193639697444e-05
