,total_loss,avg_loss,correlation,p
0,961525.76171875,961.52576171875,0.4351494095859216,1.854850645503611e-47
