,total_loss,avg_loss,correlation,p
0,971116.337890625,971.116337890625,0.4277120100413654,9.650795747676359e-46
