,total_loss,avg_loss,correlation,p
0,855923.3286132812,855.9233286132812,0.43246452009080194,7.812972903124679e-47
