,total_loss,avg_loss,correlation,p
0,605727.3630371094,605.7273630371094,0.11011720910971813,0.00048579280826603453
