,total_loss,avg_loss,correlation,p
0,893186.6953125,893.1866953125,0.4096743532064158,9.391057108452483e-42
