,total_loss,avg_loss,correlation,p
0,544399.6796875,544.3996796875,0.09032867497737632,0.004253586254731151
