,total_loss,avg_loss,correlation,p
0,193076.94262695312,193.07694262695313,0.32873024224127423,1.2546700514820036e-26
