,total_loss,avg_loss,correlation,p
0,343768.6916503906,343.7686916503906,0.7492913568198326,7.961110437694308e-181
