,total_loss,avg_loss,correlation,p
0,376267.46044921875,376.26746044921873,0.6726443490540992,1.1149567261764847e-132
