,total_loss,avg_loss,correlation,p
0,960060.9908447266,320.0203302815755,0.6981558630553516,0.0
