,total_loss,avg_loss,correlation,p
0,1052867.9223632812,350.95597412109373,0.6344164943556931,0.0
