,total_loss,avg_loss,correlation,p
0,340409.63671875,340.40963671875,0.7397871698167806,6.157308339872817e-174
