,total_loss,avg_loss,correlation,p
0,975893.033203125,325.297677734375,0.6903013088219807,0.0
