,total_loss,avg_loss,correlation,p
0,227039.16857910156,227.03916857910156,0.11592495369653603,0.00023908589696639194
