,total_loss,avg_loss,correlation,p
0,427930.20947265625,427.93020947265626,0.6245928103286296,2.781646630276255e-109
