,total_loss,avg_loss,correlation,p
0,345718.2629394531,345.7182629394531,0.7078428643734012,7.691960588538896e-153
