,total_loss,avg_loss,correlation,p
0,216678.49169921875,216.67849169921874,0.17691535581554035,1.7809054642856547e-08
