,total_loss,avg_loss,correlation,p
0,203636.04107666016,203.63604107666015,0.3161738526008871,1.185047918036709e-24
