,total_loss,avg_loss,correlation,p
0,988398.7152099609,329.4662384033203,0.6653459102038788,0.0
