,total_loss,avg_loss,correlation,p
0,449561.29443359375,449.56129443359373,0.5970194205059184,1.300348608723035e-97
