,total_loss,avg_loss,correlation,p
0,431847.3310546875,431.8473310546875,0.6337285978102989,2.0615612497603633e-113
