,total_loss,avg_loss,correlation,p
0,424271.9052734375,424.2719052734375,0.6415113097537494,4.834957299718247e-117
