,total_loss,avg_loss,correlation,p
0,229289.54345703125,229.28954345703124,0.2118988650565773,1.292594574959623e-11
