,total_loss,avg_loss,correlation,p
0,475743.302734375,475.743302734375,0.6104362226010043,3.7968617527844473e-103
