,total_loss,avg_loss,correlation,p
0,456796.005859375,456.796005859375,0.5957408568125554,4.2453011789651897e-97
