,total_loss,avg_loss,correlation,p
0,1100623.2882080078,366.87442940266925,0.6104469272417472,7.07393208079239e-306
