,total_loss,avg_loss,correlation,p
0,1135242.6612548828,378.4142204182943,0.6366741077410233,0.0
