,total_loss,avg_loss,correlation,p
0,408001.22607421875,408.0012260742188,0.6232100724418439,1.1415188010931445e-108
