,total_loss,avg_loss,correlation,p
0,235826.05517578125,235.82605517578125,0.12401688271072284,8.422745188333662e-05
