,total_loss,avg_loss,correlation,p
0,430209.8225097656,430.2098225097656,0.6342095522706328,1.2385183606463336e-113
