,total_loss,avg_loss,correlation,p
0,410679.2795410156,410.6792795410156,0.6470993260104667,1.0291072308808744e-119
