,total_loss,avg_loss,correlation,p
0,195417.25415039062,195.41725415039062,0.26119920233011573,4.631940482158007e-17
