,total_loss,avg_loss,correlation,p
0,396174.4182128906,396.1744182128906,0.6485871375719532,1.9568266675230898e-120
