,total_loss,avg_loss,correlation,p
0,1032790.966796875,344.26365559895834,0.6470792966277727,0.0
