,total_loss,avg_loss,correlation,p
0,383766.6291503906,383.7666291503906,0.6692857728870583,6.697649376301461e-131
