,total_loss,avg_loss,correlation,p
0,336362.5565185547,336.3625565185547,0.7044602714151931,8.977254402234183e-151
