,total_loss,avg_loss,correlation,p
0,225937.279296875,225.937279296875,0.14514054246077837,4.0572215880972934e-06
