,total_loss,avg_loss,correlation,p
0,915546.4541015625,305.1821513671875,0.6895711660718316,0.0
