,total_loss,avg_loss,correlation,p
0,420070.83837890625,420.0708383789063,0.6273544883463145,1.6230754334304854e-110
