,total_loss,avg_loss,correlation,p
0,399405.47314453125,399.40547314453124,0.6374990713218367,3.704735084415049e-115
