,total_loss,avg_loss,correlation,p
0,1028890.5529785156,342.9635176595052,0.6380919762754442,0.0
