,total_loss,avg_loss,correlation,p
0,392187.513671875,392.187513671875,0.6697092814616576,4.0079806863024695e-131
