,total_loss,avg_loss,correlation,p
0,202578.703125,202.578703125,0.22594705340729607,4.835923838175949e-13
