,total_loss,avg_loss,correlation,p
0,1000044.0380859375,333.3480126953125,0.6695901668170539,0.0
