,total_loss,avg_loss,correlation,p
0,209415.19067382812,209.41519067382814,0.20181964824889684,1.1908069131157765e-10
