,total_loss,avg_loss,correlation,p
0,405276.87939453125,405.27687939453125,0.6572564987282572,1.0211341158664053e-124
