,total_loss,avg_loss,correlation,p
0,441196.24365234375,441.19624365234375,0.6074318920784791,6.946706229150551e-102
