,total_loss,avg_loss,correlation,p
0,242429.78833007812,242.4297883300781,0.13313007509760838,2.4054774257286726e-05
