,total_loss,avg_loss,correlation,p
0,210428.37646484375,210.42837646484375,0.15422484096559952,9.57081151829416e-07
