,total_loss,avg_loss,correlation,p
0,354314.18103027344,354.31418103027346,0.6833797217701985,1.5878065480846843e-138
