,total_loss,avg_loss,correlation,p
0,1016380.5676269531,338.7935225423177,0.6497009839477159,0.0
