,total_loss,avg_loss,correlation,p
0,442769.32666015625,442.76932666015625,0.6133172405778025,2.270287922383406e-104
