,total_loss,avg_loss,correlation,p
0,1037940.2404785156,345.98008015950523,0.6366636780982324,0.0
