,total_loss,avg_loss,correlation,p
0,363182.83251953125,363.18283251953125,0.6760647930440824,1.627391642275244e-134
