,total_loss,avg_loss,correlation,p
0,236297.80444335938,236.29780444335938,0.06676350323399792,0.03477554687690652
