,total_loss,avg_loss,correlation,p
0,551750.0834960938,551.7500834960938,0.45990898783647616,1.7280782166718347e-53
