,total_loss,avg_loss,correlation,p
0,559477.9270019531,559.4779270019532,0.4702673031865666,3.6600865976016126e-56
