,total_loss,avg_loss,correlation,p
0,514575.9138183594,514.5759138183594,0.49108934830783857,7.983782622392033e-62
