,total_loss,avg_loss,correlation,p
0,1310351.6496582031,436.78388321940105,0.5173466638759776,4.621477696858508e-205
