,total_loss,avg_loss,correlation,p
0,214646.44165039062,214.6464416503906,0.12736479155755365,5.366798092153391e-05
