,total_loss,avg_loss,correlation,p
0,1376873.5418701172,458.95784729003907,0.47638277660269024,8.244562330542105e-170
