,total_loss,avg_loss,correlation,p
0,610477.0146484375,610.4770146484375,0.3959129873948337,7.166810878534152e-39
