,total_loss,avg_loss,correlation,p
0,345666.2941894531,345.66629418945314,0.7072639378740819,1.7455063529854297e-152
