,total_loss,avg_loss,correlation,p
0,223415.9102783203,223.41591027832033,0.16176504357750937,2.7042833883778184e-07
