,total_loss,avg_loss,correlation,p
0,1010713.7545166016,336.9045848388672,0.6618160867591534,0.0
