,total_loss,avg_loss,correlation,p
0,441631.5478515625,441.6315478515625,0.6150834684377666,3.9794904954656375e-105
