,total_loss,avg_loss,correlation,p
0,1011804.3489379883,337.26811631266276,0.6510312511398584,0.0
