,total_loss,avg_loss,correlation,p
0,439800.55615234375,439.80055615234374,0.6130243549212939,3.0270818107531645e-104
