,total_loss,avg_loss,correlation,p
0,337970.26037597656,337.9702603759766,0.7022971576714795,1.81827344530228e-149
