,total_loss,avg_loss,correlation,p
0,234033.52197265625,234.03352197265625,0.18871215270275668,1.8071548186702262e-09
