,total_loss,avg_loss,correlation,p
0,880299.6832275391,293.433227742513,0.6940322926127611,0.0
