,total_loss,avg_loss,correlation,p
0,182109.62475585938,182.1096247558594,0.21221735810562353,1.2027763238956172e-11
