,total_loss,avg_loss,correlation,p
0,168902.0125732422,168.9020125732422,0.32830418511759113,1.4692219762522174e-26
