,total_loss,avg_loss,correlation,p
0,303197.5627441406,303.1975627441406,0.7456075728493876,4.0490840905008905e-178
