,total_loss,avg_loss,correlation,p
0,322816.2033691406,322.8162033691406,0.7326396330577194,5.940634208349966e-169
