,total_loss,avg_loss,correlation,p
0,944152.6875,314.7175625,0.6752014973782638,0.0
