,total_loss,avg_loss,correlation,p
0,439226.86279296875,439.22686279296875,0.6103137678527288,4.277034839108353e-103
