,total_loss,avg_loss,correlation,p
0,184012.1611328125,184.0121611328125,0.2461274750568098,2.896989324375206e-15
