,total_loss,avg_loss,correlation,p
0,420713.3732910156,420.7133732910156,0.6381184794459509,1.9040616580338506e-115
