,total_loss,avg_loss,correlation,p
0,354809.4611816406,354.80946118164064,0.7033774670299024,4.0610530168724014e-150
