,total_loss,avg_loss,correlation,p
0,396594.49560546875,396.59449560546875,0.6516949141861019,5.923377745099851e-122
