,total_loss,avg_loss,correlation,p
0,958771.7824707031,319.59059415690103,0.6751548716080764,0.0
