,total_loss,avg_loss,correlation,p
0,170664.79974365234,170.66479974365234,0.3013365892455979,1.9459509344739882e-22
