,total_loss,avg_loss,correlation,p
0,408200.083984375,408.200083984375,0.6382281769686406,1.692061552805982e-115
