,total_loss,avg_loss,correlation,p
0,847405.7414550781,282.46858048502605,0.708175569766012,0.0
