,total_loss,avg_loss,correlation,p
0,282133.0969238281,282.13309692382813,0.7679417509559576,2.729308873081881e-195
