,total_loss,avg_loss,correlation,p
0,203062.52966308594,203.06252966308594,0.16667200306217247,1.1506834621536966e-07
