,total_loss,avg_loss,correlation,p
0,926944.8963623047,308.9816321207682,0.6742694602371764,0.0
