,total_loss,avg_loss,correlation,p
0,338887.12982177734,338.88712982177736,0.6974213780205339,1.4509069421840841e-146
