,total_loss,avg_loss,correlation,p
0,1032226.2053833008,344.0754017944336,0.6388559356995018,0.0
