,total_loss,avg_loss,correlation,p
0,184240.14135742188,184.24014135742186,0.20155471512795858,1.2604573173248378e-10
