,total_loss,avg_loss,correlation,p
0,453071.81201171875,453.07181201171875,0.6036262692304452,2.6396637642769896e-100
