,total_loss,avg_loss,correlation,p
0,403817.6276855469,403.8176276855469,0.6451635566412244,8.798343755443138e-119
