,total_loss,avg_loss,correlation,p
0,376091.8547363281,376.0918547363281,0.6627109168069667,1.742154204732857e-127
