,total_loss,avg_loss,correlation,p
0,377662.4724121094,377.66247241210937,0.6762638516652704,1.2702521510237455e-134
