,total_loss,avg_loss,correlation,p
0,178544.80004882812,178.54480004882814,0.2615825429524392,4.1545935072730834e-17
