,total_loss,avg_loss,correlation,p
0,942658.5847167969,314.2195282389323,0.6781180239577072,0.0
