,total_loss,avg_loss,correlation,p
0,899280.9575195312,299.7603191731771,0.6952670487619963,0.0
