,total_loss,avg_loss,correlation,p
0,379038.2922363281,379.0382922363281,0.6712171067931918,6.396987354640918e-132
