,total_loss,avg_loss,correlation,p
0,383876.13134765625,383.87613134765627,0.6746498252567023,9.417174066749257e-134
