,total_loss,avg_loss,correlation,p
0,343073.69982910156,343.07369982910154,0.7134140647559457,2.6060891804743114e-156
