,total_loss,avg_loss,correlation,p
0,179744.17626953125,179.74417626953124,0.2789190553181123,2.514752074155683e-19
