,total_loss,avg_loss,correlation,p
0,429612.544921875,429.612544921875,0.6267637164978253,2.987802793171675e-110
