,total_loss,avg_loss,correlation,p
0,378833.6318359375,378.8336318359375,0.6721128235133882,2.1395036410101284e-132
