,total_loss,avg_loss,correlation,p
0,177729.25512695312,177.72925512695312,0.22795826431081803,2.966110300631678e-13
