,total_loss,avg_loss,correlation,p
0,181356.72686767578,181.35672686767577,0.19081052853470365,1.184122052828331e-09
