,total_loss,avg_loss,correlation,p
0,387438.6315917969,387.4386315917969,0.6609567551597992,1.3728783203457836e-126
