,total_loss,avg_loss,correlation,p
0,953865.0076904297,317.95500256347657,0.6673704113389101,0.0
