,total_loss,avg_loss,correlation,p
0,994782.2584228516,331.59408614095054,0.6535027777846891,0.0
