,total_loss,avg_loss,correlation,p
0,393673.44189453125,393.67344189453127,0.6571602651107802,1.1413019120211715e-124
