,total_loss,avg_loss,correlation,p
0,463544.21533203125,463.54421533203123,0.5937986452454213,2.535529185460676e-96
