,total_loss,avg_loss,correlation,p
0,206053.6986694336,206.0536986694336,0.1805011616001196,9.025998866109599e-09
