,total_loss,avg_loss,correlation,p
0,348804.40966796875,348.80440966796874,0.6958354440681092,1.238688368424166e-145
