,total_loss,avg_loss,correlation,p
0,336849.0128173828,336.8490128173828,0.7091328580551072,1.2299379019409758e-153
