,total_loss,avg_loss,correlation,p
0,445771.4765625,445.7714765625,0.6021461693589023,1.0720574279027176e-99
