,total_loss,avg_loss,correlation,p
0,989755.8228759766,329.91860762532554,0.6576316404495915,0.0
