,total_loss,avg_loss,correlation,p
0,207135.31134033203,207.13531134033204,0.16461458624824643,1.6515452078984068e-07
