,total_loss,avg_loss,correlation,p
0,1018402.3372802734,339.46744576009115,0.6472435907823255,0.0
