,total_loss,avg_loss,correlation,p
0,1246648.1016845703,415.5493672281901,0.5142617886159802,3.091347509187308e-202
