,total_loss,avg_loss,correlation,p
0,192785.14624023438,192.78514624023438,0.14736935610766194,2.86911053967597e-06
