,total_loss,avg_loss,correlation,p
0,1388363.053527832,462.78768450927737,0.48900607014164216,3.636773082853482e-180
