,total_loss,avg_loss,correlation,p
0,194378.55291748047,194.37855291748048,0.0672484613844911,0.033475733722628326
