,total_loss,avg_loss,correlation,p
0,511928.2333984375,511.9282333984375,0.49062803675266764,1.076245255565425e-61
