,total_loss,avg_loss,correlation,p
0,556707.8530273438,556.7078530273437,0.4753443035160919,1.6554003531568697e-57
