,total_loss,avg_loss,correlation,p
0,638870.0625,638.8700625,0.39987581563985564,1.0941512261857208e-39
