,total_loss,avg_loss,correlation,p
0,540341.314453125,540.341314453125,0.46546514300988884,6.525786553978698e-55
