,total_loss,avg_loss,correlation,p
0,432416.62646484375,432.4166264648438,0.617548104840346,3.439305572194161e-106
