,total_loss,avg_loss,correlation,p
0,364456.486328125,364.456486328125,0.6818425587886836,1.1307527420701378e-137
