,total_loss,avg_loss,correlation,p
0,338955.37109375,338.95537109375,0.7029884378150832,6.972958897513742e-150
