,total_loss,avg_loss,correlation,p
0,197109.8660888672,197.1098660888672,0.20016036736833814,1.6978505002914942e-10
