,total_loss,avg_loss,correlation,p
0,1029826.3248291016,343.2754416097005,0.6432075045089254,0.0
