,total_loss,avg_loss,correlation,p
0,968481.8665161133,322.8272888387044,0.6617586510635057,0.0
