,total_loss,avg_loss,correlation,p
0,212693.03833007812,212.69303833007814,0.1742855147656852,2.9060475895953794e-08
