,total_loss,avg_loss,correlation,p
0,452676.80712890625,452.67680712890626,0.6037660448211257,2.3115469803500216e-100
