,total_loss,avg_loss,correlation,p
0,250166.4190979004,250.1664190979004,0.11352704670263263,0.00032167891913764007
