,total_loss,avg_loss,correlation,p
0,385718.3515625,385.7183515625,0.10744615382383679,0.0006656425791049331
