,total_loss,avg_loss,correlation,p
0,729348.80078125,729.34880078125,0.4715776659571847,1.6543192506645484e-56
