,total_loss,avg_loss,correlation,p
0,246768.3966064453,246.76839660644532,0.13389562697896476,2.156898459576991e-05
