,total_loss,avg_loss,correlation,p
0,785453.390625,785.453390625,0.5593570032548818,2.1518377474607677e-83
