,total_loss,avg_loss,correlation,p
0,795452.6787109375,795.4526787109374,0.47859252599598845,2.2217951722726856e-58
