,total_loss,avg_loss,correlation,p
0,393437.5131225586,393.4375131225586,0.09826094928607393,0.0018649992449454966
