,total_loss,avg_loss,correlation,p
0,840484.1767578125,840.4841767578125,0.43664492569614377,8.2795808206102e-48
