,total_loss,avg_loss,correlation,p
0,873215.984375,873.215984375,0.43256738756139335,7.395927086830787e-47
