,total_loss,avg_loss,correlation,p
0,492332.0642089844,492.3320642089844,0.14487806995936572,4.224780453997143e-06
