,total_loss,avg_loss,correlation,p
0,630944.4052734375,630.9444052734375,0.14060758031726553,8.080858531914622e-06
