,total_loss,avg_loss,correlation,p
0,876528.6416015625,876.5286416015625,0.42401013211752436,6.65218331299304e-45
