,total_loss,avg_loss,correlation,p
0,261329.09045410156,261.32909045410156,0.11697141141169708,0.00020967365139275786
