,total_loss,avg_loss,correlation,p
0,819790.48828125,819.79048828125,0.43267112126441826,6.997775218875475e-47
