,total_loss,avg_loss,correlation,p
0,1015623.826171875,1015.623826171875,0.3945687707159774,1.3480051573122408e-38
