,total_loss,avg_loss,correlation,p
0,358878.12072753906,358.87812072753906,0.08024423720204323,0.011133953958984793
