,total_loss,avg_loss,correlation,p
0,876522.16796875,876.52216796875,0.40045792970929794,8.283990730124074e-40
