,total_loss,avg_loss,correlation,p
0,447914.9411621094,447.91494116210936,0.07249743901258067,0.021864107065656883
