,total_loss,avg_loss,correlation,p
0,796652.8779296875,796.6528779296875,0.4669671212198948,2.663488753519949e-55
