,total_loss,avg_loss,correlation,p
0,504796.33642578125,504.79633642578125,0.10265246233295403,0.0011512669418405823
