,total_loss,avg_loss,correlation,p
0,952653.1123046875,952.6531123046875,0.45995959330222036,1.677727458344722e-53
