,total_loss,avg_loss,correlation,p
0,529924.0356445312,529.9240356445313,0.11581090786446772,0.00024251506741499704
