,total_loss,avg_loss,correlation,p
0,627318.919921875,627.318919921875,0.1377308632795283,1.2377460076648967e-05
