,total_loss,avg_loss,correlation,p
0,881820.9111328125,881.8209111328125,0.4563281983203109,1.3828980855165362e-52
