,total_loss,avg_loss,correlation,p
0,816309.9379882812,816.3099379882813,0.4331495159409061,5.420247686287488e-47
