,total_loss,avg_loss,correlation,p
0,488074.41064453125,488.07441064453127,0.10904525296800192,0.0005517106289913157
