,total_loss,avg_loss,correlation,p
0,891150.591796875,891.150591796875,0.42232840629890056,1.5863704531618686e-44
