,total_loss,avg_loss,correlation,p
0,601714.5805664062,601.7145805664062,0.12488698157756842,7.499811049119096e-05
