,total_loss,avg_loss,correlation,p
0,165945.27740478516,165.94527740478514,0.37808817624672486,2.4661032654697055e-35
