,total_loss,avg_loss,correlation,p
0,166165.18481445312,166.1651848144531,0.3544361858468169,5.713755849431418e-31
