,total_loss,avg_loss,correlation,p
0,280902.0666503906,280.9020666503906,0.7647003698657944,1.1124621677396793e-192
