,total_loss,avg_loss,correlation,p
0,421509.13427734375,421.5091342773438,0.6297082630350126,1.4085053283044007e-111
