,total_loss,avg_loss,correlation,p
0,161417.54681396484,161.41754681396483,0.3991178557777437,1.5705709203056944e-39
