,total_loss,avg_loss,correlation,p
0,400863.53515625,400.86353515625,0.6478111109117397,4.656662768692902e-120
