,total_loss,avg_loss,correlation,p
0,416804.8193359375,416.8048193359375,0.6302509260268438,7.992997234150499e-112
