,total_loss,avg_loss,correlation,p
0,841980.0029296875,280.6600009765625,0.7111928131028111,0.0
