,total_loss,avg_loss,correlation,p
0,900972.5422973633,300.3241807657878,0.6862408436837765,0.0
