,total_loss,avg_loss,correlation,p
0,913631.4743652344,304.5438247884115,0.6847596971188357,0.0
