,total_loss,avg_loss,correlation,p
0,841806.1919555664,280.6020639851888,0.7114209246683232,0.0
