,total_loss,avg_loss,correlation,p
0,281073.8449707031,281.07384497070314,0.7644843435402267,1.65480843548747e-192
