,total_loss,avg_loss,correlation,p
0,326177.0107421875,326.1770107421875,0.7248018520477406,1.1419019173098141e-163
