,total_loss,avg_loss,correlation,p
0,318002.470703125,318.002470703125,0.725014540667394,8.254120111859559e-164
