,total_loss,avg_loss,correlation,p
0,161412.65509033203,161.41265509033204,0.39924651188604277,1.4772038394394787e-39
