,total_loss,avg_loss,correlation,p
0,400877.2099609375,400.8772099609375,0.6480547057764825,3.548158227715578e-120
