,total_loss,avg_loss,correlation,p
0,362789.83349609375,362.78983349609376,0.6725698573004675,1.2216956621730211e-132
