,total_loss,avg_loss,correlation,p
0,183522.9197998047,183.5229197998047,0.19439703348957973,5.685418368594009e-10
