,total_loss,avg_loss,correlation,p
0,968329.4505004883,322.7764835001628,0.6611663062579877,0.0
