,total_loss,avg_loss,correlation,p
0,418251.53564453125,418.25153564453126,0.6397170803494433,3.392640276282736e-116
