,total_loss,avg_loss,correlation,p
0,958262.6255493164,319.42087518310547,0.6609190833652261,0.0
