,total_loss,avg_loss,correlation,p
0,187288.08325195312,187.2880832519531,0.18679504462623578,2.6479925011910607e-09
