,total_loss,avg_loss,correlation,p
0,414398.7731933594,414.3987731933594,0.6359591987612401,1.9254925601636114e-114
