,total_loss,avg_loss,correlation,p
0,360340.94494628906,360.3409449462891,0.6722763788845438,1.7509647564489363e-132
