,total_loss,avg_loss,correlation,p
0,172482.94104003906,172.48294104003907,0.28838282439102403,1.3213460921385154e-20
