,total_loss,avg_loss,correlation,p
0,387280.61779785156,387.28061779785156,0.6642390728961531,2.851557740603379e-128
