,total_loss,avg_loss,correlation,p
0,894194.9487304688,298.06498291015623,0.689602897374713,0.0
