,total_loss,avg_loss,correlation,p
0,393850.02880859375,393.8500288085938,0.6585477306043277,2.2858327387975252e-125
