,total_loss,avg_loss,correlation,p
0,339089.63482666016,339.08963482666013,0.7006937166755476,1.6615650562651933e-148
