,total_loss,avg_loss,correlation,p
0,168771.69506835938,168.77169506835938,0.31751604244112963,7.362761996559088e-25
