,total_loss,avg_loss,correlation,p
0,334431.3859863281,334.4313859863281,0.7048664138660199,5.087524629533623e-151
