,total_loss,avg_loss,correlation,p
0,901711.3572998047,300.5704524332682,0.686052285239324,0.0
