,total_loss,avg_loss,correlation,p
0,962205.0394287109,320.73501314290365,0.6592256491137201,0.0
