,total_loss,avg_loss,correlation,p
0,177766.43530273438,177.76643530273438,0.2264716429836013,4.2589373377813966e-13
