,total_loss,avg_loss,correlation,p
0,383212.6502685547,383.2126502685547,0.6516192324113443,6.453168676363462e-122
