,total_loss,avg_loss,correlation,p
0,400078.86669921875,400.07886669921874,0.6467966126032378,1.440934374444869e-119
