,total_loss,avg_loss,correlation,p
0,401633.53125,401.63353125,0.6469396043903552,1.2291720571156642e-119
