,total_loss,avg_loss,correlation,p
0,177357.7064819336,177.3577064819336,0.23189703000567394,1.1234948258587296e-13
