,total_loss,avg_loss,correlation,p
0,955559.9719848633,318.5199906616211,0.6608888173162488,0.0
