,total_loss,avg_loss,correlation,p
0,377714.1309814453,377.7141309814453,0.6562258147219915,3.3546949631062955e-124
