,total_loss,avg_loss,correlation,p
0,355160.1651611328,355.1601651611328,0.6805066376849659,6.166879981251958e-137
