,total_loss,avg_loss,correlation,p
0,180922.69757080078,180.92269757080078,0.22356905650335726,8.568163070099278e-13
