,total_loss,avg_loss,correlation,p
0,186304.7156982422,186.30471569824218,0.1933173156638473,7.10116873045804e-10
