,total_loss,avg_loss,correlation,p
0,951023.6732177734,317.0078910725911,0.6633977929391849,0.0
