,total_loss,avg_loss,correlation,p
0,409558.7822265625,409.5587822265625,0.6361477179958797,1.5744572652759401e-114
