,total_loss,avg_loss,correlation,p
0,948380.2945556641,316.126764851888,0.6670802563270786,0.0
