,total_loss,avg_loss,correlation,p
0,421145.06787109375,421.1450678710938,0.6293199035896606,2.1112719865759956e-111
