,total_loss,avg_loss,correlation,p
0,346312.5285644531,346.31252856445315,0.6900360766151217,2.8007412233683037e-142
