,total_loss,avg_loss,correlation,p
0,499430.9968261719,499.43099682617185,0.5010474893218582,1.131018481142498e-64
