,total_loss,avg_loss,correlation,p
0,202254.38507080078,202.2543850708008,0.07079480052435418,0.025172996396677687
