,total_loss,avg_loss,correlation,p
0,568139.6811523438,568.1396811523438,0.4587972259812583,3.3048192465233517e-53
