,total_loss,avg_loss,correlation,p
0,1258077.5415039062,419.3591805013021,0.5230289205823663,2.4192133008066415e-210
