,total_loss,avg_loss,correlation,p
0,504545.0544433594,504.5450544433594,0.48716590081009387,9.977572421038513e-61
