,total_loss,avg_loss,correlation,p
0,1269825.0608520508,423.27502028401693,0.5203091751539288,8.393370992585898e-208
