,total_loss,avg_loss,correlation,p
0,551772.95703125,551.77295703125,0.4808710237666526,5.361246713482191e-59
