,total_loss,avg_loss,correlation,p
0,201759.53002929688,201.75953002929688,0.06387988870971573,0.0434253246185504
