,total_loss,avg_loss,correlation,p
0,342098.24072265625,342.09824072265627,0.695306781430244,2.5238264386133612e-145
