,total_loss,avg_loss,correlation,p
0,946318.2142333984,315.4394047444662,0.6690470482306288,0.0
