,total_loss,avg_loss,correlation,p
0,438057.9313964844,438.0579313964844,0.6205767108172506,1.6473097607501366e-107
