,total_loss,avg_loss,correlation,p
0,983105.9162597656,327.70197208658857,0.659083775885796,0.0
