,total_loss,avg_loss,correlation,p
0,191531.90618896484,191.53190618896485,0.18875918993821267,1.7902043293253713e-09
