,total_loss,avg_loss,correlation,p
0,353516.0869140625,353.5160869140625,0.6869513175958937,1.5825445951088606e-140
