,total_loss,avg_loss,correlation,p
0,195517.81799316406,195.51781799316407,0.17063825244413794,5.661624659023515e-08
