,total_loss,avg_loss,correlation,p
0,408702.1643066406,408.7021643066406,0.6431000288649034,8.519642560412412e-118
