,total_loss,avg_loss,correlation,p
0,306766.7556152344,306.7667556152344,0.2018109998865604,1.1930200573075527e-10
