,total_loss,avg_loss,correlation,p
0,897964.4111328125,897.9644111328125,0.3905080860144487,8.929907634976584e-38
