,total_loss,avg_loss,correlation,p
0,971353.650390625,971.353650390625,0.4765870738682699,7.696757436632809e-58
