,total_loss,avg_loss,correlation,p
0,374599.68896484375,374.5996889648437,0.1131117928038456,0.0003384462738274717
