,total_loss,avg_loss,correlation,p
0,342884.71813964844,342.88471813964844,0.11480564531211315,0.0002747982028819042
