,total_loss,avg_loss,correlation,p
0,993613.1220703125,993.6131220703126,0.4813911085226775,3.869690218045523e-59
