,total_loss,avg_loss,correlation,p
0,439431.93896484375,439.43193896484377,0.14700896905035737,3.035495337239596e-06
