,total_loss,avg_loss,correlation,p
0,949798.6328125,949.7986328125,0.46843666111655025,1.1035528056324014e-55
