,total_loss,avg_loss,correlation,p
0,596772.6547851562,596.7726547851563,0.052428578052487254,0.09751881181775485
