,total_loss,avg_loss,correlation,p
0,850268.9580078125,850.2689580078124,0.4356166628600155,1.442283556883136e-47
