,total_loss,avg_loss,correlation,p
0,873702.5771484375,873.7025771484375,0.43224736283982274,8.771666393751411e-47
