,total_loss,avg_loss,correlation,p
0,610811.0747070312,610.8110747070313,0.1322504744000792,2.7246634885112032e-05
