,total_loss,avg_loss,correlation,p
0,259750.9285888672,259.75092858886717,0.09465913925030438,0.0027321358128243652
