,total_loss,avg_loss,correlation,p
0,341272.544921875,341.272544921875,0.07317326839871884,0.020659461652018603
