,total_loss,avg_loss,correlation,p
0,848817.9443359375,848.8179443359375,0.4558195111377942,1.8545267567890124e-52
