,total_loss,avg_loss,correlation,p
0,969818.517578125,969.818517578125,0.4380280897304113,3.912555537652485e-48
