,total_loss,avg_loss,correlation,p
0,814640.783203125,814.640783203125,0.421033470991656,3.0873161620147346e-44
