,total_loss,avg_loss,correlation,p
0,431048.3596191406,431.0483596191406,0.14841928136289725,2.4327163860569434e-06
