,total_loss,avg_loss,correlation,p
0,863134.76171875,863.13476171875,0.39581220910036163,7.51518321624408e-39
