,total_loss,avg_loss,correlation,p
0,476747.349609375,476.747349609375,0.13316601636237124,2.3932222231913214e-05
