,total_loss,avg_loss,correlation,p
0,942893.119140625,942.893119140625,0.4594711719973218,2.231394875453597e-53
