,total_loss,avg_loss,correlation,p
0,613680.3386230469,613.6803386230469,0.13839699100901764,1.1222206738477795e-05
