,total_loss,avg_loss,correlation,p
0,598030.0751953125,598.0300751953125,0.1309433973502477,3.274133365721941e-05
