,total_loss,avg_loss,correlation,p
0,968676.4658203125,968.6764658203125,0.45639370720715416,1.3315650002949859e-52
