,total_loss,avg_loss,correlation,p
0,865248.7270507812,865.2487270507812,0.4090922100318491,1.2514565194915023e-41
