,total_loss,avg_loss,correlation,p
0,791168.203125,791.168203125,0.4430933459214247,2.4397738172405825e-49
