,total_loss,avg_loss,correlation,p
0,513220.5754394531,513.2205754394531,0.14445428634698804,4.509375085609591e-06
