,total_loss,avg_loss,correlation,p
0,589262.5551757812,589.2625551757812,0.12423560188936844,8.181152717499575e-05
