,total_loss,avg_loss,correlation,p
0,876036.0703125,876.0360703125,0.5652076936070376,1.750637093981545e-85
