,total_loss,avg_loss,correlation,p
0,336536.4701538086,336.5364701538086,0.08467676240318492,0.007380308608731912
