,total_loss,avg_loss,correlation,p
0,331310.5521850586,331.3105521850586,0.12393057664177334,8.519916627219224e-05
