,total_loss,avg_loss,correlation,p
0,818586.923828125,818.586923828125,0.44909672698886555,8.558843579905357e-51
