,total_loss,avg_loss,correlation,p
0,818293.6455078125,818.2936455078125,0.48356702043717326,9.832098448990525e-60
