,total_loss,avg_loss,correlation,p
0,388833.68005371094,388.83368005371096,0.12978492627506005,3.847553093409913e-05
