,total_loss,avg_loss,correlation,p
0,798124.326171875,798.124326171875,0.5039548613281035,1.5990118479748958e-65
