,total_loss,avg_loss,correlation,p
0,242289.26538085938,242.28926538085938,0.15525291164241267,8.083960375233934e-07
