,total_loss,avg_loss,correlation,p
0,385253.28771972656,385.2532877197266,0.11334454913010958,0.00032894994787175427
