,total_loss,avg_loss,correlation,p
0,849830.40234375,849.83040234375,0.3924758032017919,3.583993140880337e-38
