,total_loss,avg_loss,correlation,p
0,506277.0869140625,506.2770869140625,0.1364178799224467,1.4994566912416605e-05
