,total_loss,avg_loss,correlation,p
0,757485.8935546875,757.4858935546876,0.4079236900614166,2.2232162533289516e-41
