,total_loss,avg_loss,correlation,p
0,856471.3188476562,856.4713188476562,0.4463672233364661,3.958473061794149e-50
