,total_loss,avg_loss,correlation,p
0,220888.25170898438,220.88825170898437,0.09933324090918122,0.0016606108907341048
