,total_loss,avg_loss,correlation,p
0,316926.47497558594,316.92647497558596,0.06037092910943487,0.05633313586232
