,total_loss,avg_loss,correlation,p
0,953526.98828125,953.52698828125,0.39269991066705845,3.2287952928311946e-38
