,total_loss,avg_loss,correlation,p
0,359138.64453125,359.13864453125,0.12746255891417682,5.295732379996875e-05
