,total_loss,avg_loss,correlation,p
0,739726.0600585938,739.7260600585937,0.4419396868250468,4.609144255206477e-49
