,total_loss,avg_loss,correlation,p
0,768924.4482421875,768.9244482421875,0.42528564906104105,3.429756334900644e-45
