,total_loss,avg_loss,correlation,p
0,339716.6953125,339.7166953125,0.13037811272901753,3.542988101328065e-05
