,total_loss,avg_loss,correlation,p
0,873848.7451171875,873.8487451171875,0.46337165303272604,2.2586985845368245e-54
