,total_loss,avg_loss,correlation,p
0,528105.8044433594,528.1058044433594,0.142379053875087,6.188787861135429e-06
