,total_loss,avg_loss,correlation,p
0,520957.736328125,520.957736328125,0.14708973714597268,2.9974211619282925e-06
