,total_loss,avg_loss,correlation,p
0,889523.2568359375,889.5232568359374,0.46960422869751756,5.4630445536373775e-56
