,total_loss,avg_loss,correlation,p
0,800233.546875,800.233546875,0.4253780638975723,3.268665649866716e-45
