,total_loss,avg_loss,correlation,p
0,784088.1254882812,784.0881254882812,0.4312397711784256,1.4991080576906398e-46
