,total_loss,avg_loss,correlation,p
0,517351.3122558594,517.3513122558594,0.08841304075030282,0.005144406550062045
