,total_loss,avg_loss,correlation,p
0,490921.8249511719,490.92182495117186,0.07453563150113338,0.018405624451426725
